Date,Department,Total Beds,Occupied Beds,Admissions,Discharges,Average Wait Time (mins),Average Treatment Time (mins),Critical Cases,Staff on Duty,Average Patient Age,Equipment Issues (0/1),Nurse-to-Patient Ratio,Doctors on Duty,Average Length of Stay (days),Readmissions,Satisfaction Score (1-5),Medication Delays (0/1),Patient Complaints
2024-01-01,Emergency,40,33,14,14,46,208,2,16,51,1,2.12,2,5.72,1,3.89,0,1
2024-01-01,ICU,20,15,11,10,96,303,2,24,71,0,1.7,4,4.2,0,3.15,0,1
2024-01-01,Pediatrics,30,25,11,11,108,338,3,22,65,0,1.96,5,5.19,2,4.63,1,1
2024-01-01,Cardiology,35,25,12,11,96,315,0,23,27,0,2.06,6,5.79,0,4.83,0,2
2024-01-01,Orthopedics,40,35,7,6,50,236,4,17,43,0,1.36,6,4.42,0,4.0,0,0
2024-01-01,Maternity,25,23,6,3,50,356,0,11,40,0,2.08,6,4.1,2,3.53,0,2
2024-01-02,Emergency,40,37,13,13,40,276,1,8,43,0,2.07,6,1.44,0,4.23,0,0
2024-01-02,ICU,20,18,15,11,115,248,0,9,57,0,2.22,3,4.07,0,4.42,0,1
2024-01-02,Pediatrics,30,18,20,17,74,222,1,17,74,0,1.7,2,4.27,2,3.36,0,1
2024-01-02,Cardiology,35,33,13,11,75,211,2,23,56,0,2.24,2,5.59,1,4.28,0,1
2024-01-02,Orthopedics,40,29,11,11,112,222,4,19,49,0,1.82,5,3.46,2,4.1,0,1
2024-01-02,Maternity,25,24,11,8,87,261,2,19,72,0,2.49,3,4.22,2,3.94,0,1
2024-01-03,Emergency,40,28,13,12,44,234,1,9,49,0,1.66,4,6.47,0,3.91,0,2
2024-01-03,ICU,20,14,12,10,91,135,3,11,38,0,2.25,2,1.42,1,3.83,0,0
2024-01-03,Pediatrics,30,24,17,17,122,336,4,8,35,0,1.02,4,0.9,1,4.07,0,1
2024-01-03,Cardiology,35,22,12,8,31,235,1,9,51,0,1.16,2,2.15,0,4.13,0,0
2024-01-03,Orthopedics,40,38,14,10,66,292,3,12,56,0,1.84,4,4.59,0,3.48,0,1
2024-01-03,Maternity,25,20,14,13,18,362,0,14,61,0,2.55,3,2.07,1,4.42,0,0
2024-01-04,Emergency,40,28,19,18,172,256,4,14,59,0,1.92,3,1.39,0,3.78,0,2
2024-01-04,ICU,20,14,18,16,85,232,0,17,53,0,1.68,6,5.01,1,4.14,0,4
2024-01-04,Pediatrics,30,29,15,11,102,196,5,23,42,0,1.96,3,3.3,2,3.59,0,0
2024-01-04,Cardiology,35,25,15,13,83,243,3,15,51,0,2.59,2,4.3,1,4.07,0,0
2024-01-04,Orthopedics,40,28,17,14,85,226,6,16,54,0,2.25,5,6.34,1,4.41,0,0
2024-01-04,Maternity,25,25,15,15,55,267,0,10,30,0,2.47,3,5.27,0,4.41,0,1
2024-01-05,Emergency,40,24,10,8,106,163,0,20,48,0,1.81,5,2.99,2,3.94,0,2
2024-01-05,ICU,20,12,16,14,85,315,1,24,65,0,2.13,5,6.87,0,4.39,0,1
2024-01-05,Pediatrics,30,23,11,10,60,241,2,18,65,0,2.25,5,6.02,1,3.7,0,2
2024-01-05,Cardiology,35,26,9,6,126,255,5,12,84,0,1.83,3,5.11,0,3.94,0,1
2024-01-05,Orthopedics,40,35,13,10,122,193,4,17,64,0,1.33,3,4.62,1,4.11,0,0
2024-01-05,Maternity,25,22,16,13,59,261,3,23,52,0,2.09,3,3.63,2,4.37,1,0
2024-01-06,Emergency,40,27,12,9,90,291,3,12,47,0,1.58,5,3.02,0,4.45,0,1
2024-01-06,ICU,20,15,12,9,127,292,3,20,52,0,2.6,4,5.95,1,3.91,0,1
2024-01-06,Pediatrics,30,20,13,9,55,143,4,19,80,0,1.26,3,4.57,0,3.78,0,0
2024-01-06,Cardiology,35,34,10,7,116,257,4,15,51,0,2.52,4,2.24,1,5.0,0,1
2024-01-06,Orthopedics,40,28,15,14,75,176,2,12,82,0,2.74,5,3.1,1,4.98,0,1
2024-01-06,Maternity,25,21,13,13,114,247,3,13,66,0,2.73,6,5.03,1,3.99,0,3
2024-01-07,Emergency,40,31,8,8,73,185,0,9,50,0,1.96,2,3.17,0,4.88,1,1
2024-01-07,ICU,20,15,7,3,48,212,2,18,39,0,2.33,5,2.8,1,4.09,0,0
2024-01-07,Pediatrics,30,19,9,9,113,255,2,8,63,0,1.94,5,5.43,2,4.18,0,3
2024-01-07,Cardiology,35,26,22,18,93,169,2,21,55,1,1.86,6,0.95,1,5.0,0,1
2024-01-07,Orthopedics,40,29,11,11,94,232,2,10,43,0,2.02,6,4.92,0,4.27,0,2
2024-01-07,Maternity,25,16,10,9,82,215,3,16,61,1,2.06,5,3.59,0,4.0,0,1
2024-01-08,Emergency,40,27,14,12,104,189,3,21,43,0,2.07,2,1.94,1,3.66,0,1
2024-01-08,ICU,20,13,13,12,110,248,3,13,53,0,2.73,5,4.33,0,4.08,0,0
2024-01-08,Pediatrics,30,24,11,8,121,167,1,23,42,0,1.59,5,3.5,1,4.27,0,1
2024-01-08,Cardiology,35,27,14,13,58,382,3,14,74,0,1.56,6,3.76,1,4.13,0,0
2024-01-08,Orthopedics,40,36,14,12,92,287,1,16,68,0,1.41,6,3.61,2,3.85,0,2
2024-01-08,Maternity,25,25,12,11,71,180,2,11,45,0,2.17,4,0.73,0,3.99,0,1
2024-01-09,Emergency,40,37,13,11,105,181,1,14,44,0,2.21,5,4.82,0,4.33,0,0
2024-01-09,ICU,20,14,6,6,37,220,1,9,57,0,2.49,6,3.53,3,4.1,0,2
2024-01-09,Pediatrics,30,23,10,9,61,262,4,19,43,1,2.8,3,2.77,1,3.71,0,1
2024-01-09,Cardiology,35,28,8,7,101,213,3,14,42,0,1.86,3,4.07,1,3.31,0,1
2024-01-09,Orthopedics,40,39,11,7,69,199,3,16,63,0,2.71,3,5.43,0,4.26,0,0
2024-01-09,Maternity,25,18,13,9,87,301,2,12,60,0,2.0,5,1.91,2,4.71,0,1
2024-01-10,Emergency,40,31,10,7,131,251,2,8,41,0,2.33,6,4.13,0,3.82,0,4
2024-01-10,ICU,20,14,11,10,121,198,2,18,39,0,2.21,6,1.79,1,3.65,0,0
2024-01-10,Pediatrics,30,21,15,15,94,256,2,12,56,0,1.83,2,3.8,1,3.89,0,0
2024-01-10,Cardiology,35,31,13,13,88,254,1,21,44,0,2.26,5,4.43,0,4.48,0,3
2024-01-10,Orthopedics,40,34,15,13,102,208,2,15,39,0,1.67,5,3.72,1,3.56,0,0
2024-01-10,Maternity,25,22,13,10,53,267,2,21,65,1,2.27,4,5.56,2,4.74,0,2
2024-01-11,Emergency,40,31,12,12,27,238,2,17,80,0,0.94,3,3.51,0,4.5,0,1
2024-01-11,ICU,20,18,12,11,98,262,3,22,59,0,2.0,4,5.4,0,3.5,0,1
2024-01-11,Pediatrics,30,27,10,9,91,302,3,12,62,0,1.94,4,2.35,0,4.43,1,1
2024-01-11,Cardiology,35,31,13,12,35,197,4,14,56,0,1.87,5,2.09,1,3.87,0,0
2024-01-11,Orthopedics,40,36,13,11,81,151,3,16,61,0,2.1,5,4.37,1,3.8,0,0
2024-01-11,Maternity,25,20,8,5,52,126,3,19,57,0,1.82,2,3.61,0,4.17,0,0
2024-01-12,Emergency,40,24,11,7,103,290,0,23,75,0,2.36,2,3.33,0,3.98,0,0
2024-01-12,ICU,20,16,17,13,78,272,1,13,66,0,1.41,3,2.17,2,4.37,1,0
2024-01-12,Pediatrics,30,24,15,14,32,199,2,8,41,0,2.7,6,4.94,1,4.06,0,1
2024-01-12,Cardiology,35,24,12,8,51,315,3,14,61,0,2.11,5,4.01,1,4.52,0,2
2024-01-12,Orthopedics,40,40,13,12,67,162,1,10,70,0,1.83,5,4.4,1,4.14,0,1
2024-01-12,Maternity,25,25,13,12,93,175,4,18,46,0,2.07,3,2.73,1,4.46,0,1
2024-01-13,Emergency,40,29,13,10,83,205,3,14,39,0,1.87,3,7.35,0,3.85,0,1
2024-01-13,ICU,20,17,18,14,114,265,0,16,46,0,1.66,3,4.65,1,4.87,0,1
2024-01-13,Pediatrics,30,22,16,13,122,207,1,20,62,0,3.2,3,7.17,0,4.35,0,0
2024-01-13,Cardiology,35,25,13,12,108,115,0,17,65,0,1.46,3,5.23,1,4.69,0,0
2024-01-13,Orthopedics,40,30,12,12,92,285,2,15,54,0,0.93,3,4.43,1,4.3,0,1
2024-01-13,Maternity,25,19,16,12,44,226,4,11,73,0,2.49,6,5.63,1,4.28,1,1
2024-01-14,Emergency,40,38,8,5,126,228,2,16,39,0,1.51,6,5.37,2,3.93,1,0
2024-01-14,ICU,20,19,11,8,127,265,1,12,58,0,1.99,3,6.27,1,3.35,0,1
2024-01-14,Pediatrics,30,19,13,10,41,185,2,24,49,0,1.84,4,1.83,1,4.75,0,3
2024-01-14,Cardiology,35,22,16,16,121,274,2,8,61,0,2.37,3,2.76,0,4.51,0,0
2024-01-14,Orthopedics,40,24,12,8,42,179,4,12,49,0,1.48,6,5.0,1,3.54,0,2
2024-01-14,Maternity,25,24,11,8,93,248,0,18,33,0,2.71,2,1.16,1,4.32,0,2
2024-01-15,Emergency,40,36,15,14,83,307,1,15,72,0,2.06,5,2.53,1,4.04,0,2
2024-01-15,ICU,20,13,13,12,94,324,2,15,56,0,1.83,2,5.28,1,3.94,0,0
2024-01-15,Pediatrics,30,28,12,9,96,285,2,19,52,0,2.1,5,3.34,1,4.24,0,2
2024-01-15,Cardiology,35,33,13,11,71,235,2,9,25,0,1.99,2,3.76,0,4.2,0,1
2024-01-15,Orthopedics,40,38,13,11,119,235,2,24,56,0,2.02,2,3.67,1,4.61,0,1
2024-01-15,Maternity,25,18,14,11,137,215,3,9,82,0,2.04,2,3.27,1,4.54,0,0
2024-01-16,Emergency,40,39,11,8,143,291,4,24,46,0,2.33,4,4.76,1,4.45,0,1
2024-01-16,ICU,20,15,10,10,64,203,2,23,52,0,1.94,5,5.13,0,3.86,0,1
2024-01-16,Pediatrics,30,28,15,12,112,159,2,18,47,0,2.36,6,3.38,1,4.46,0,0
2024-01-16,Cardiology,35,22,19,16,109,277,1,15,47,0,2.44,2,2.43,2,4.19,0,4
2024-01-16,Orthopedics,40,37,14,12,48,203,4,24,52,0,2.01,5,3.03,1,3.1,0,2
2024-01-16,Maternity,25,23,16,13,56,169,3,22,61,0,1.86,6,3.11,1,3.81,0,3
2024-01-17,Emergency,40,26,12,9,69,301,1,14,64,1,2.88,6,6.25,1,4.18,0,1
2024-01-17,ICU,20,20,11,10,110,310,2,9,57,0,2.15,6,3.66,1,4.0,0,0
2024-01-17,Pediatrics,30,19,11,9,124,185,1,9,11,0,1.99,6,3.8,0,4.65,0,2
2024-01-17,Cardiology,35,31,12,8,90,151,1,19,48,0,1.6,2,4.25,1,4.5,0,1
2024-01-17,Orthopedics,40,24,13,11,38,224,3,22,55,0,1.44,2,3.87,1,3.45,0,2
2024-01-17,Maternity,25,21,11,11,125,360,3,14,46,0,1.81,5,3.76,1,4.19,0,1
2024-01-18,Emergency,40,26,15,15,128,224,4,14,79,0,2.41,4,8.14,0,3.58,0,1
2024-01-18,ICU,20,17,14,14,76,343,1,13,49,0,2.62,6,3.33,1,3.71,0,0
2024-01-18,Pediatrics,30,21,9,8,120,228,1,20,63,0,2.71,3,5.96,2,4.24,0,2
2024-01-18,Cardiology,35,28,7,7,122,346,4,18,75,0,1.32,5,2.67,1,3.62,0,0
2024-01-18,Orthopedics,40,34,11,10,84,170,3,18,46,1,1.91,3,4.94,0,4.17,0,1
2024-01-18,Maternity,25,17,10,9,80,227,2,16,55,0,1.42,2,1.38,1,4.24,0,2
2024-01-19,Emergency,40,40,15,14,98,225,3,8,37,0,2.8,6,8.05,0,4.11,0,2
2024-01-19,ICU,20,20,11,8,114,173,3,15,63,0,2.23,3,3.03,3,4.09,0,1
2024-01-19,Pediatrics,30,30,10,7,113,275,1,13,38,0,2.53,5,1.14,1,4.78,0,2
2024-01-19,Cardiology,35,21,8,4,111,207,2,18,41,0,1.72,3,2.48,0,5.0,0,0
2024-01-19,Orthopedics,40,27,13,12,127,313,1,10,50,0,1.36,2,3.76,0,4.29,0,0
2024-01-19,Maternity,25,24,16,15,49,313,3,16,66,0,1.37,6,3.85,1,4.59,0,0
2024-01-20,Emergency,40,26,12,10,76,246,4,8,71,0,1.81,2,2.52,0,3.7,0,2
2024-01-20,ICU,20,19,12,11,78,252,3,20,43,1,2.89,4,4.64,0,4.52,0,0
2024-01-20,Pediatrics,30,22,10,7,104,240,1,13,64,0,2.04,3,2.03,0,4.3,0,2
2024-01-20,Cardiology,35,35,11,10,69,304,3,17,80,0,2.22,4,2.56,2,4.58,0,0
2024-01-20,Orthopedics,40,38,9,5,71,309,2,16,65,0,1.81,5,5.05,1,3.99,0,1
2024-01-20,Maternity,25,22,13,13,91,157,2,21,43,0,2.16,6,3.84,1,4.05,0,1
2024-01-21,Emergency,40,27,14,12,120,312,2,16,72,0,2.51,6,6.39,1,3.97,0,0
2024-01-21,ICU,20,18,16,15,60,271,2,8,61,0,2.28,2,3.0,0,3.79,0,1
2024-01-21,Pediatrics,30,21,14,10,88,266,3,12,58,0,1.78,3,2.5,1,4.06,0,1
2024-01-21,Cardiology,35,28,15,14,73,249,0,20,44,0,1.05,6,5.06,0,4.71,0,2
2024-01-21,Orthopedics,40,34,15,13,103,283,3,12,21,0,2.0,6,5.13,1,4.36,0,2
2024-01-21,Maternity,25,22,13,13,159,276,2,14,43,0,1.73,2,6.41,0,4.39,0,1
2024-01-22,Emergency,40,34,12,9,117,179,0,21,34,0,2.67,5,3.47,0,4.19,0,1
2024-01-22,ICU,20,16,9,8,97,237,2,8,52,1,1.56,4,3.25,3,4.39,0,0
2024-01-22,Pediatrics,30,23,14,12,72,253,2,12,59,1,1.83,3,2.24,2,4.34,0,1
2024-01-22,Cardiology,35,29,13,13,103,166,0,18,69,0,2.64,4,4.45,1,3.98,0,0
2024-01-22,Orthopedics,40,39,19,18,122,205,4,20,57,0,2.3,5,0.79,2,4.14,0,1
2024-01-22,Maternity,25,15,12,9,76,218,3,19,46,0,1.6,6,5.09,0,4.38,0,0
2024-01-23,Emergency,40,40,14,14,92,146,1,8,46,0,2.1,3,2.03,1,3.49,0,2
2024-01-23,ICU,20,20,12,9,49,216,3,22,88,0,1.53,2,0.5,0,3.88,0,0
2024-01-23,Pediatrics,30,25,16,14,51,284,3,18,58,0,1.47,2,3.66,0,4.58,0,1
2024-01-23,Cardiology,35,32,23,22,131,269,3,15,56,0,2.49,3,1.8,1,4.06,0,1
2024-01-23,Orthopedics,40,26,10,6,57,221,2,10,48,0,0.56,6,3.93,1,4.29,0,0
2024-01-23,Maternity,25,17,11,8,87,227,1,22,63,0,2.52,2,5.45,2,4.84,0,1
2024-01-24,Emergency,40,29,14,11,55,172,2,22,41,1,2.59,2,4.04,1,3.78,0,1
2024-01-24,ICU,20,17,18,18,53,318,1,22,70,0,2.34,3,5.2,1,3.89,0,2
2024-01-24,Pediatrics,30,24,11,10,83,219,0,18,51,0,2.34,2,5.38,0,4.61,0,1
2024-01-24,Cardiology,35,24,13,9,132,226,3,16,63,0,2.13,3,3.48,0,3.97,0,1
2024-01-24,Orthopedics,40,33,8,5,65,291,3,9,52,0,2.61,4,0.5,0,4.42,0,0
2024-01-24,Maternity,25,19,10,7,55,375,3,9,47,0,2.31,4,5.98,0,3.66,0,1
2024-01-25,Emergency,40,38,16,16,110,236,4,8,59,0,1.71,5,5.46,1,4.45,0,0
2024-01-25,ICU,20,20,11,8,89,219,1,24,45,0,1.63,2,5.35,2,4.65,0,1
2024-01-25,Pediatrics,30,27,13,13,111,290,4,11,60,0,2.07,3,2.89,1,3.89,0,1
2024-01-25,Cardiology,35,28,18,14,75,258,1,19,47,0,1.94,3,3.96,2,3.63,0,1
2024-01-25,Orthopedics,40,34,11,11,69,208,2,18,43,0,1.85,2,3.45,2,4.4,0,1
2024-01-25,Maternity,25,20,7,7,65,338,3,17,48,0,1.95,6,3.65,0,4.42,0,1
2024-01-26,Emergency,40,39,13,11,112,348,2,24,20,0,1.82,4,6.3,0,4.69,0,3
2024-01-26,ICU,20,16,11,7,76,204,4,17,44,0,2.18,6,4.93,0,3.53,0,2
2024-01-26,Pediatrics,30,22,16,16,85,219,1,14,23,0,2.5,4,2.3,1,3.79,0,0
2024-01-26,Cardiology,35,27,10,9,28,285,1,13,24,0,2.15,6,5.44,1,4.47,0,2
2024-01-26,Orthopedics,40,36,12,10,103,157,4,11,70,0,1.87,2,2.38,1,3.94,0,1
2024-01-26,Maternity,25,17,12,9,67,221,0,17,59,0,2.41,2,3.48,1,4.17,1,1
2024-01-27,Emergency,40,34,12,9,107,267,2,15,40,0,2.33,3,5.32,0,3.79,0,0
2024-01-27,ICU,20,17,16,14,43,333,1,19,47,0,1.47,6,3.84,2,4.64,0,1
2024-01-27,Pediatrics,30,19,12,10,121,143,2,23,35,0,2.11,6,4.93,0,4.35,0,3
2024-01-27,Cardiology,35,26,13,13,81,254,1,13,76,0,2.45,2,4.78,0,4.71,0,1
2024-01-27,Orthopedics,40,38,13,12,74,203,2,15,35,0,1.42,5,4.35,1,4.7,0,0
2024-01-27,Maternity,25,17,20,18,68,272,0,11,36,0,3.1,6,5.15,1,4.2,0,1
2024-01-28,Emergency,40,30,12,9,62,112,5,22,66,1,2.38,5,2.62,2,4.0,0,1
2024-01-28,ICU,20,17,9,7,89,135,2,20,49,0,1.98,4,4.9,1,3.75,0,2
2024-01-28,Pediatrics,30,18,16,16,73,349,4,22,35,1,2.77,6,5.25,4,3.95,0,1
2024-01-28,Cardiology,35,23,11,7,97,268,2,8,47,0,2.22,6,4.22,2,4.17,0,1
2024-01-28,Orthopedics,40,28,8,8,111,236,1,9,55,0,2.07,2,4.24,1,4.63,0,2
2024-01-28,Maternity,25,15,11,10,124,230,0,19,53,0,2.4,4,6.18,1,4.18,0,1
2024-01-29,Emergency,40,27,12,12,133,257,2,22,46,1,1.58,3,4.33,1,4.59,0,1
2024-01-29,ICU,20,17,17,13,97,197,2,21,55,0,2.08,5,4.92,0,4.4,0,2
2024-01-29,Pediatrics,30,24,7,3,38,216,2,11,45,1,1.56,4,5.78,0,3.69,0,0
2024-01-29,Cardiology,35,23,17,17,79,258,3,16,85,0,2.08,4,4.96,1,4.8,0,1
2024-01-29,Orthopedics,40,40,13,12,139,238,3,15,21,0,1.42,2,2.18,1,4.18,0,1
2024-01-29,Maternity,25,17,21,17,97,242,2,9,46,0,2.56,4,1.61,2,4.12,0,4
2024-01-30,Emergency,40,34,14,10,128,105,2,24,23,0,1.12,5,6.61,2,3.78,1,1
2024-01-30,ICU,20,20,12,11,31,151,0,15,62,0,1.49,4,1.76,0,4.2,0,0
2024-01-30,Pediatrics,30,29,9,6,82,295,3,11,34,0,2.52,2,6.81,0,3.86,0,1
2024-01-30,Cardiology,35,23,12,12,74,297,1,19,80,0,2.02,4,5.28,0,4.45,0,2
2024-01-30,Orthopedics,40,24,15,12,119,221,3,24,45,0,1.4,6,4.55,1,4.03,1,0
2024-01-30,Maternity,25,16,7,3,66,210,1,22,55,0,1.66,5,3.82,2,4.84,0,1
2024-01-31,Emergency,40,40,17,17,137,207,1,18,63,0,2.3,2,3.21,0,3.92,0,2
2024-01-31,ICU,20,16,10,7,122,208,1,20,30,0,0.91,3,3.39,1,4.29,0,0
2024-01-31,Pediatrics,30,23,14,11,58,223,2,8,61,0,1.7,5,4.25,2,3.74,0,0
2024-01-31,Cardiology,35,29,5,1,66,251,0,19,74,0,2.48,5,3.37,0,3.43,0,0
2024-01-31,Orthopedics,40,31,15,13,110,102,3,19,65,0,2.56,6,5.16,0,4.26,0,1
2024-01-31,Maternity,25,23,8,4,95,272,2,17,54,0,2.41,2,3.83,4,4.52,0,1
2024-02-01,Emergency,40,30,10,6,109,225,1,22,37,0,2.1,6,0.88,0,4.47,0,1
2024-02-01,ICU,20,15,12,9,113,133,0,19,65,0,1.88,5,4.76,2,3.32,0,0
2024-02-01,Pediatrics,30,23,10,10,128,243,2,19,46,0,2.02,2,4.47,1,3.75,0,0
2024-02-01,Cardiology,35,32,8,7,85,226,1,15,57,0,1.79,5,0.57,2,3.89,0,0
2024-02-01,Orthopedics,40,28,19,16,68,147,1,9,26,0,2.38,3,1.85,1,4.32,0,0
2024-02-01,Maternity,25,25,12,12,109,275,2,23,44,0,2.06,6,1.7,0,4.82,0,2
2024-02-02,Emergency,40,31,11,11,82,330,2,19,40,1,2.74,3,0.5,1,4.56,0,1
2024-02-02,ICU,20,16,18,14,114,266,2,23,65,0,1.14,2,2.68,0,3.64,0,0
2024-02-02,Pediatrics,30,28,16,14,52,292,3,11,57,0,1.03,5,3.25,0,4.67,0,0
2024-02-02,Cardiology,35,30,12,9,17,267,2,20,51,0,1.46,5,3.8,1,5.0,0,2
2024-02-02,Orthopedics,40,34,17,15,74,321,2,14,46,1,2.4,4,3.3,1,4.81,0,3
2024-02-02,Maternity,25,23,15,11,125,193,1,12,70,0,2.18,4,2.22,0,5.0,0,1
2024-02-03,Emergency,40,27,16,14,83,225,1,24,50,0,2.68,5,4.06,1,4.47,0,0
2024-02-03,ICU,20,19,18,18,99,274,2,24,67,0,1.58,5,4.8,2,3.59,0,1
2024-02-03,Pediatrics,30,25,12,8,56,351,2,12,71,0,0.86,5,5.68,1,4.39,0,1
2024-02-03,Cardiology,35,29,15,15,56,200,2,17,51,0,2.14,6,3.35,0,3.54,0,2
2024-02-03,Orthopedics,40,38,16,14,32,151,1,24,47,1,2.99,6,4.66,0,4.36,0,3
2024-02-03,Maternity,25,21,9,7,55,220,3,10,67,1,2.08,6,1.5,1,4.55,0,2
2024-02-04,Emergency,40,27,13,11,85,282,4,19,46,0,1.83,5,3.88,1,4.51,0,0
2024-02-04,ICU,20,16,12,10,55,242,1,21,58,0,1.14,5,2.01,0,4.48,0,0
2024-02-04,Pediatrics,30,21,11,7,149,244,2,23,65,0,2.34,6,3.32,0,3.9,0,1
2024-02-04,Cardiology,35,25,14,11,85,193,4,23,61,0,2.51,3,5.83,3,4.41,0,1
2024-02-04,Orthopedics,40,28,19,16,69,288,1,12,63,0,1.67,2,1.74,1,3.93,0,2
2024-02-04,Maternity,25,25,16,14,51,195,2,23,37,0,2.97,2,2.25,2,3.6,0,0
2024-02-05,Emergency,40,28,10,6,140,286,1,16,60,0,2.45,4,5.27,0,4.06,0,2
2024-02-05,ICU,20,19,15,13,143,264,0,22,46,0,2.36,5,3.05,0,4.43,0,0
2024-02-05,Pediatrics,30,27,14,12,78,281,0,16,26,0,2.59,5,4.25,1,4.28,0,0
2024-02-05,Cardiology,35,34,15,15,97,333,1,23,37,0,1.8,2,3.57,0,3.97,0,0
2024-02-05,Orthopedics,40,40,7,3,127,279,1,13,67,0,2.02,2,2.98,0,4.24,0,0
2024-02-05,Maternity,25,23,11,7,142,280,1,23,21,0,1.58,5,4.05,1,4.13,0,0
2024-02-06,Emergency,40,27,18,16,71,227,2,24,45,0,2.99,3,0.63,1,4.28,0,1
2024-02-06,ICU,20,17,14,12,83,199,3,10,67,0,1.24,4,7.41,0,4.22,0,0
2024-02-06,Pediatrics,30,29,14,13,88,192,2,23,55,1,2.19,3,4.14,0,4.0,1,0
2024-02-06,Cardiology,35,22,15,13,111,163,1,17,62,0,1.99,6,3.15,3,3.33,0,0
2024-02-06,Orthopedics,40,25,12,12,150,186,3,14,44,0,1.53,3,3.83,1,4.0,0,1
2024-02-06,Maternity,25,15,14,10,49,290,2,22,59,0,2.58,4,5.73,2,3.59,0,1
2024-02-07,Emergency,40,34,9,6,44,172,3,24,45,1,1.76,4,3.46,1,3.71,0,1
2024-02-07,ICU,20,13,12,11,134,246,1,14,72,0,2.33,4,3.07,2,4.02,0,1
2024-02-07,Pediatrics,30,28,15,11,82,133,4,12,31,0,1.47,2,3.81,0,4.0,0,0
2024-02-07,Cardiology,35,31,18,14,78,237,2,24,45,0,2.14,3,5.65,1,4.47,0,0
2024-02-07,Orthopedics,40,24,9,8,104,253,1,14,71,0,2.25,3,3.49,1,4.56,0,0
2024-02-07,Maternity,25,25,14,12,145,214,2,11,64,0,2.05,5,4.15,0,3.37,0,2
2024-02-08,Emergency,40,37,10,10,99,194,1,21,77,0,0.93,5,3.64,0,3.83,0,1
2024-02-08,ICU,20,17,17,16,108,168,2,20,49,0,1.99,5,5.83,0,4.42,0,1
2024-02-08,Pediatrics,30,22,10,7,38,221,3,12,64,0,2.73,6,1.92,2,4.85,0,1
2024-02-08,Cardiology,35,25,11,7,49,314,3,10,44,0,1.56,2,4.29,2,3.96,0,2
2024-02-08,Orthopedics,40,34,10,6,68,310,1,14,88,1,0.97,6,2.65,2,4.12,0,1
2024-02-08,Maternity,25,16,16,14,92,231,2,20,82,0,1.95,5,2.42,2,4.92,0,0
2024-02-09,Emergency,40,27,13,13,110,289,2,11,52,0,2.03,3,4.49,0,4.39,0,0
2024-02-09,ICU,20,16,15,13,33,323,1,9,68,0,1.9,3,4.63,1,4.0,0,2
2024-02-09,Pediatrics,30,27,15,15,141,252,3,22,42,0,1.98,6,3.52,1,3.76,0,3
2024-02-09,Cardiology,35,25,9,8,108,339,1,20,14,0,1.94,3,5.88,1,4.32,1,0
2024-02-09,Orthopedics,40,39,12,8,108,286,3,20,69,0,2.58,6,3.19,1,4.81,0,1
2024-02-09,Maternity,25,17,17,14,87,238,1,15,40,1,3.1,5,1.48,2,4.0,0,1
2024-02-10,Emergency,40,26,14,14,70,220,2,20,39,0,2.3,5,2.4,2,4.12,0,2
2024-02-10,ICU,20,15,16,14,115,288,2,20,65,0,2.36,5,6.56,0,4.41,0,0
2024-02-10,Pediatrics,30,28,14,14,50,225,2,11,82,0,2.43,2,4.25,0,4.62,0,0
2024-02-10,Cardiology,35,34,20,17,82,253,3,12,67,0,1.45,3,4.58,1,3.73,0,0
2024-02-10,Orthopedics,40,40,12,12,100,273,4,9,49,0,2.0,6,3.59,0,4.02,0,1
2024-02-10,Maternity,25,16,11,11,103,240,2,8,70,0,1.63,6,5.36,1,3.61,0,0
2024-02-11,Emergency,40,30,16,12,122,56,1,20,62,1,1.77,6,1.83,0,4.38,0,2
2024-02-11,ICU,20,18,14,12,64,200,2,10,60,0,1.88,5,3.94,0,5.0,0,1
2024-02-11,Pediatrics,30,20,8,5,84,109,5,8,31,0,1.72,5,4.28,1,4.22,0,0
2024-02-11,Cardiology,35,24,13,12,74,196,0,22,41,0,1.99,3,4.47,3,4.27,0,3
2024-02-11,Orthopedics,40,38,16,16,108,160,2,11,90,0,1.87,3,4.71,2,4.1,0,0
2024-02-11,Maternity,25,16,13,10,50,235,2,23,33,0,1.78,2,3.8,2,3.77,0,1
2024-02-12,Emergency,40,40,12,12,55,243,2,13,71,0,1.89,3,0.5,1,3.69,0,1
2024-02-12,ICU,20,17,14,12,51,220,0,8,69,0,2.39,4,5.07,0,4.83,0,2
2024-02-12,Pediatrics,30,24,15,12,95,180,4,13,35,0,2.0,3,6.72,2,4.36,0,0
2024-02-12,Cardiology,35,24,12,10,104,237,0,8,55,0,1.11,4,4.66,3,3.99,0,1
2024-02-12,Orthopedics,40,35,12,11,101,224,1,18,41,0,1.46,6,3.94,1,3.97,0,1
2024-02-12,Maternity,25,24,13,11,123,264,1,23,28,1,1.37,5,2.79,3,4.4,0,0
2024-02-13,Emergency,40,29,17,16,105,275,2,13,51,1,2.09,3,2.45,0,4.93,0,0
2024-02-13,ICU,20,16,15,14,65,246,3,20,30,1,2.17,2,4.7,0,3.47,0,0
2024-02-13,Pediatrics,30,19,5,5,74,148,1,13,73,1,1.91,3,3.99,1,4.1,0,0
2024-02-13,Cardiology,35,34,16,14,135,312,3,13,68,0,2.15,4,5.74,1,4.03,0,1
2024-02-13,Orthopedics,40,24,13,10,89,248,1,11,63,0,2.32,3,4.91,2,4.04,0,0
2024-02-13,Maternity,25,19,11,7,131,239,2,19,88,0,2.04,2,4.13,1,4.35,0,1
2024-02-14,Emergency,40,34,14,11,62,203,2,22,63,0,3.07,4,1.52,2,4.59,0,0
2024-02-14,ICU,20,18,9,9,127,291,2,18,59,1,1.85,4,5.37,1,3.81,0,2
2024-02-14,Pediatrics,30,24,11,10,84,320,1,13,55,0,1.8,6,3.39,1,3.78,0,2
2024-02-14,Cardiology,35,35,10,9,84,234,2,8,70,0,2.37,2,4.26,0,4.43,0,0
2024-02-14,Orthopedics,40,39,9,8,163,286,1,24,44,0,2.03,6,5.21,1,3.02,0,0
2024-02-14,Maternity,25,24,9,9,161,233,2,20,59,0,2.92,5,1.09,2,3.6,0,0
2024-02-15,Emergency,40,29,15,14,93,204,2,24,73,0,2.18,5,3.22,0,3.84,0,1
2024-02-15,ICU,20,14,9,6,57,234,2,11,40,0,2.01,5,1.2,0,4.52,0,3
2024-02-15,Pediatrics,30,30,19,18,74,116,1,11,57,0,1.91,2,2.14,0,4.17,0,2
2024-02-15,Cardiology,35,25,12,8,103,349,2,9,56,0,1.67,2,4.98,1,4.3,0,3
2024-02-15,Orthopedics,40,38,16,12,128,264,2,11,51,0,2.0,5,4.15,2,4.32,0,0
2024-02-15,Maternity,25,16,14,10,122,170,3,16,57,0,2.16,4,5.39,1,4.27,0,0
2024-02-16,Emergency,40,32,13,11,103,250,3,22,54,0,2.49,5,6.03,1,3.25,0,1
2024-02-16,ICU,20,16,13,11,114,178,0,23,68,0,1.54,4,3.4,1,4.83,0,2
2024-02-16,Pediatrics,30,30,10,10,82,189,1,20,45,0,2.37,3,3.5,2,4.02,0,0
2024-02-16,Cardiology,35,32,15,12,82,161,1,14,52,0,1.7,3,3.3,1,4.3,0,1
2024-02-16,Orthopedics,40,37,14,13,56,283,2,17,65,0,1.77,4,2.06,1,4.13,0,3
2024-02-16,Maternity,25,17,13,10,70,204,1,8,57,0,1.22,4,4.09,0,3.68,0,0
2024-02-17,Emergency,40,39,9,5,89,130,0,21,53,0,1.72,6,2.73,1,3.85,0,1
2024-02-17,ICU,20,20,13,10,80,272,2,23,51,0,1.39,3,5.28,1,4.2,0,0
2024-02-17,Pediatrics,30,26,11,7,134,187,2,17,40,0,1.13,6,3.6,2,3.91,0,2
2024-02-17,Cardiology,35,32,9,7,141,308,3,10,42,1,1.57,4,4.73,1,3.9,0,0
2024-02-17,Orthopedics,40,27,14,14,43,248,1,10,55,0,2.27,2,5.41,1,4.27,0,2
2024-02-17,Maternity,25,17,13,12,88,351,3,18,44,0,2.45,2,4.1,1,4.84,0,1
2024-02-18,Emergency,40,40,12,11,22,265,0,23,67,0,2.44,6,2.61,2,4.24,0,0
2024-02-18,ICU,20,15,12,10,80,248,1,9,41,0,2.44,3,3.35,1,4.62,0,0
2024-02-18,Pediatrics,30,19,9,9,133,251,2,11,43,0,0.75,6,3.51,1,4.06,0,0
2024-02-18,Cardiology,35,34,17,16,74,368,5,19,16,0,1.71,3,3.1,0,4.47,0,0
2024-02-18,Orthopedics,40,31,16,15,135,308,1,18,74,0,1.43,4,2.08,1,3.88,0,0
2024-02-18,Maternity,25,17,17,16,125,220,2,20,28,0,3.45,3,2.95,1,4.37,0,0
2024-02-19,Emergency,40,27,15,13,81,341,2,13,60,0,2.77,3,2.53,0,3.93,0,3
2024-02-19,ICU,20,20,9,7,58,291,2,24,29,0,2.42,3,5.31,1,4.33,0,1
2024-02-19,Pediatrics,30,19,12,8,96,273,4,17,57,0,1.81,4,7.52,0,3.64,0,1
2024-02-19,Cardiology,35,35,10,9,115,278,4,19,81,1,2.33,2,6.12,0,3.85,0,1
2024-02-19,Orthopedics,40,36,9,8,97,179,2,8,69,0,2.41,6,4.18,1,3.36,0,1
2024-02-19,Maternity,25,24,12,11,42,201,1,19,52,0,1.41,6,2.87,2,4.81,0,1
2024-02-20,Emergency,40,36,15,13,107,242,2,12,64,0,1.81,2,6.65,0,3.73,0,1
2024-02-20,ICU,20,12,19,15,138,216,1,18,66,0,2.26,3,0.5,2,4.3,0,2
2024-02-20,Pediatrics,30,22,11,10,79,256,1,21,23,0,1.79,2,4.09,1,4.09,0,1
2024-02-20,Cardiology,35,31,16,13,54,288,1,19,54,0,1.84,2,3.89,0,3.61,0,4
2024-02-20,Orthopedics,40,34,14,12,97,201,1,16,65,0,2.26,5,2.59,0,4.32,0,0
2024-02-20,Maternity,25,16,11,8,135,146,3,21,54,0,1.91,6,3.89,0,4.09,0,1
2024-02-21,Emergency,40,36,10,6,111,232,1,13,38,0,2.46,4,1.65,1,3.87,0,1
2024-02-21,ICU,20,16,13,12,168,243,1,20,52,0,2.77,2,4.24,1,4.56,0,1
2024-02-21,Pediatrics,30,25,11,8,99,282,1,23,44,0,1.77,5,2.22,2,4.51,0,0
2024-02-21,Cardiology,35,32,11,8,98,289,1,14,47,0,2.06,4,1.43,1,4.53,0,0
2024-02-21,Orthopedics,40,32,17,17,65,220,0,15,61,0,1.62,6,4.94,3,4.18,0,1
2024-02-21,Maternity,25,19,14,14,46,265,0,16,68,0,2.7,2,3.7,2,4.27,0,0
2024-02-22,Emergency,40,31,9,7,40,146,1,23,49,1,2.45,4,5.78,1,4.11,0,0
2024-02-22,ICU,20,15,11,8,94,253,2,17,77,0,1.79,4,3.16,3,4.84,0,2
2024-02-22,Pediatrics,30,27,12,9,139,219,2,19,31,0,1.52,4,2.69,0,4.72,0,2
2024-02-22,Cardiology,35,25,9,5,151,189,1,10,49,0,1.16,3,4.57,1,4.61,0,1
2024-02-22,Orthopedics,40,27,15,13,84,279,3,10,39,1,2.44,5,3.25,1,4.29,0,1
2024-02-22,Maternity,25,18,16,16,90,320,2,9,65,0,1.86,4,5.26,1,5.0,0,1
2024-02-23,Emergency,40,33,14,10,147,186,1,21,92,0,1.37,5,2.57,0,3.56,0,1
2024-02-23,ICU,20,17,17,15,99,219,2,17,61,0,1.4,6,4.55,1,4.67,0,1
2024-02-23,Pediatrics,30,20,15,11,92,249,3,23,49,1,1.55,4,1.72,4,3.93,0,2
2024-02-23,Cardiology,35,26,12,12,117,30,2,9,52,0,2.3,5,5.81,2,4.01,0,1
2024-02-23,Orthopedics,40,39,10,10,46,169,1,22,45,0,2.59,3,4.02,1,4.56,0,1
2024-02-23,Maternity,25,24,7,4,99,76,4,13,57,0,2.54,2,4.86,1,4.6,0,2
2024-02-24,Emergency,40,38,11,7,84,303,3,17,54,0,1.91,6,4.14,1,4.75,0,0
2024-02-24,ICU,20,14,14,12,81,212,4,12,75,0,2.6,6,5.01,1,4.63,0,0
2024-02-24,Pediatrics,30,18,11,7,123,217,4,9,64,0,2.16,4,5.21,0,4.11,0,1
2024-02-24,Cardiology,35,28,19,18,57,302,3,11,61,0,2.66,3,3.87,1,4.84,0,4
2024-02-24,Orthopedics,40,35,17,15,105,100,3,17,55,1,0.8,6,4.37,3,4.55,1,1
2024-02-24,Maternity,25,19,10,8,97,246,0,21,41,0,1.79,2,1.82,0,3.49,0,1
2024-02-25,Emergency,40,25,18,15,115,204,1,19,41,0,2.6,2,3.18,2,3.87,0,0
2024-02-25,ICU,20,14,8,8,91,258,2,9,75,0,1.15,2,5.59,0,4.32,0,1
2024-02-25,Pediatrics,30,18,14,10,64,174,1,10,58,0,2.64,4,2.6,0,4.47,0,1
2024-02-25,Cardiology,35,22,19,16,35,205,5,8,60,0,2.3,5,4.74,2,4.8,0,0
2024-02-25,Orthopedics,40,38,18,14,100,294,2,10,43,1,1.64,3,3.44,0,3.76,0,3
2024-02-25,Maternity,25,15,15,12,124,224,2,14,36,0,3.1,4,2.34,1,4.17,0,0
2024-02-26,Emergency,40,37,6,3,78,332,2,9,45,0,1.42,5,3.78,1,3.86,0,0
2024-02-26,ICU,20,16,9,8,84,327,6,17,40,0,2.04,2,3.28,0,4.48,0,1
2024-02-26,Pediatrics,30,26,26,23,105,107,4,22,48,0,2.67,4,4.99,2,4.5,0,3
2024-02-26,Cardiology,35,24,15,13,16,121,0,19,44,0,1.79,2,3.15,0,4.01,0,0
2024-02-26,Orthopedics,40,24,21,20,139,182,0,16,36,0,1.5,5,5.94,1,4.3,0,1
2024-02-26,Maternity,25,24,15,12,63,285,0,21,57,0,2.35,3,4.13,0,3.96,0,1
2024-02-27,Emergency,40,27,12,11,108,348,0,14,24,0,1.49,3,2.73,1,4.13,0,0
2024-02-27,ICU,20,12,11,8,74,299,1,19,48,0,2.46,6,5.3,3,4.21,0,0
2024-02-27,Pediatrics,30,21,13,13,42,219,3,11,51,0,2.59,2,3.9,0,4.54,0,0
2024-02-27,Cardiology,35,24,14,10,42,277,1,14,68,0,2.25,3,3.74,1,4.37,0,0
2024-02-27,Orthopedics,40,38,8,8,121,227,2,20,53,0,2.13,3,3.44,0,4.44,0,2
2024-02-27,Maternity,25,16,11,8,87,223,3,8,72,0,1.62,4,3.9,2,4.14,0,0
2024-02-28,Emergency,40,30,14,12,141,218,0,11,49,0,1.87,4,5.86,2,4.49,0,1
2024-02-28,ICU,20,17,14,12,145,299,4,18,48,0,2.41,4,3.78,2,3.55,0,1
2024-02-28,Pediatrics,30,30,16,16,83,215,2,17,67,0,1.57,4,2.22,0,4.38,0,2
2024-02-28,Cardiology,35,32,12,11,66,301,2,8,57,0,2.18,3,3.92,2,3.88,0,1
2024-02-28,Orthopedics,40,29,16,15,84,260,5,9,33,0,2.52,2,3.52,2,3.88,0,0
2024-02-28,Maternity,25,17,8,5,60,271,2,12,65,0,2.43,6,3.12,0,4.45,0,3
2024-02-29,Emergency,40,30,13,9,43,324,0,13,34,0,1.3,2,5.88,0,4.65,0,1
2024-02-29,ICU,20,15,17,13,68,231,3,8,67,1,1.98,2,4.75,3,3.79,0,5
2024-02-29,Pediatrics,30,27,14,13,31,274,1,13,53,0,1.3,5,4.15,0,3.87,0,1
2024-02-29,Cardiology,35,26,7,4,99,252,1,15,59,0,1.67,6,3.76,3,4.11,0,2
2024-02-29,Orthopedics,40,24,14,11,129,248,5,22,49,0,2.11,5,4.89,1,4.66,0,2
2024-02-29,Maternity,25,20,12,12,59,335,2,22,67,1,2.66,5,5.14,0,4.51,0,0
2024-03-01,Emergency,40,34,12,11,88,354,2,19,63,0,1.93,4,4.42,2,4.19,0,1
2024-03-01,ICU,20,19,17,13,51,220,0,22,46,0,2.1,4,4.68,3,3.71,0,1
2024-03-01,Pediatrics,30,29,17,16,76,263,2,12,42,0,2.17,5,4.84,2,3.76,0,0
2024-03-01,Cardiology,35,27,13,12,86,170,3,16,42,0,1.42,5,4.42,1,4.08,0,1
2024-03-01,Orthopedics,40,26,12,12,96,348,4,14,49,0,2.11,3,1.86,2,4.12,0,1
2024-03-01,Maternity,25,24,21,20,93,248,1,22,59,0,1.16,2,4.58,0,3.45,0,2
2024-03-02,Emergency,40,35,14,11,95,182,3,20,57,0,2.25,2,6.83,1,3.43,0,1
2024-03-02,ICU,20,16,17,14,89,276,1,13,45,0,1.81,6,3.33,0,4.07,0,2
2024-03-02,Pediatrics,30,19,16,13,72,294,1,8,17,0,1.48,4,2.92,0,4.59,0,0
2024-03-02,Cardiology,35,24,16,14,102,219,2,11,34,0,1.02,3,1.7,0,3.61,0,0
2024-03-02,Orthopedics,40,25,7,3,95,118,3,9,78,0,2.12,4,2.32,1,3.76,0,1
2024-03-02,Maternity,25,25,20,18,39,161,1,14,67,0,2.14,4,3.55,2,4.41,0,1
2024-03-03,Emergency,40,32,10,9,30,321,2,20,73,0,2.46,5,4.48,1,4.5,0,0
2024-03-03,ICU,20,16,16,12,118,262,2,16,39,1,2.03,3,6.94,1,4.33,0,2
2024-03-03,Pediatrics,30,22,11,11,79,422,1,16,43,0,1.87,3,4.25,2,4.31,0,0
2024-03-03,Cardiology,35,28,15,11,108,261,2,14,46,0,2.9,5,3.31,1,5.0,0,0
2024-03-03,Orthopedics,40,32,12,12,81,220,0,17,55,0,2.16,6,4.59,1,3.79,0,1
2024-03-03,Maternity,25,24,8,8,67,250,1,17,81,0,2.15,2,3.46,2,4.71,0,3
2024-03-04,Emergency,40,36,12,8,35,216,1,20,30,0,2.02,4,6.46,1,4.6,0,0
2024-03-04,ICU,20,12,9,5,125,365,2,11,72,0,1.61,6,3.27,0,3.97,0,1
2024-03-04,Pediatrics,30,18,18,16,68,347,2,17,75,0,2.03,2,3.1,1,4.03,0,1
2024-03-04,Cardiology,35,30,10,8,46,342,1,14,64,0,2.99,2,2.73,2,4.22,0,0
2024-03-04,Orthopedics,40,35,18,16,72,261,1,17,39,0,1.65,3,6.43,3,4.39,0,0
2024-03-04,Maternity,25,21,14,13,111,111,2,15,44,0,2.27,2,3.69,0,4.11,0,1
2024-03-05,Emergency,40,31,13,10,53,351,2,19,42,0,1.45,4,5.16,0,4.8,0,1
2024-03-05,ICU,20,17,15,11,88,227,3,21,81,0,1.67,6,4.73,3,3.98,0,3
2024-03-05,Pediatrics,30,20,10,10,81,247,3,13,53,0,1.51,6,1.54,0,4.5,0,0
2024-03-05,Cardiology,35,25,10,10,112,213,6,21,42,0,1.86,6,4.3,1,3.93,0,0
2024-03-05,Orthopedics,40,37,12,9,41,248,4,11,52,0,1.42,2,3.89,1,3.72,0,2
2024-03-05,Maternity,25,25,11,9,99,191,3,15,50,0,2.54,6,6.65,1,4.56,0,1
2024-03-06,Emergency,40,35,13,10,106,359,1,11,71,0,2.0,2,2.08,3,3.77,0,1
2024-03-06,ICU,20,18,15,13,89,181,3,22,36,0,1.37,3,6.18,2,4.95,0,4
2024-03-06,Pediatrics,30,27,13,11,110,243,3,20,49,1,1.3,5,2.74,1,3.4,0,1
2024-03-06,Cardiology,35,27,13,10,103,343,0,17,68,0,2.03,5,2.66,1,3.76,0,1
2024-03-06,Orthopedics,40,27,11,10,100,203,2,13,48,0,1.25,6,4.49,1,3.83,0,1
2024-03-06,Maternity,25,15,15,12,87,196,3,22,54,0,1.9,3,5.88,0,4.27,0,1
2024-03-07,Emergency,40,33,17,17,85,270,0,23,61,1,2.58,2,6.95,2,4.58,0,3
2024-03-07,ICU,20,15,15,13,72,194,1,8,26,0,1.88,2,2.95,1,4.73,0,1
2024-03-07,Pediatrics,30,26,12,12,100,242,2,15,56,0,1.74,4,3.15,2,4.52,0,0
2024-03-07,Cardiology,35,29,12,10,94,96,1,24,57,1,1.34,3,5.38,0,3.76,0,0
2024-03-07,Orthopedics,40,38,11,9,97,218,2,21,39,0,1.77,6,4.54,0,3.99,1,0
2024-03-07,Maternity,25,18,12,8,112,297,2,13,47,0,1.7,4,3.93,1,3.85,0,0
2024-03-08,Emergency,40,33,21,20,106,255,2,14,57,0,1.92,5,4.91,0,3.77,0,1
2024-03-08,ICU,20,17,15,13,66,226,1,9,57,0,2.29,2,3.12,0,3.49,0,1
2024-03-08,Pediatrics,30,23,18,16,81,200,0,9,82,0,2.29,4,4.78,2,4.51,0,1
2024-03-08,Cardiology,35,27,11,11,88,235,2,24,45,0,1.9,2,0.76,0,4.25,0,1
2024-03-08,Orthopedics,40,24,13,11,121,263,1,20,60,0,2.52,3,1.11,1,4.05,0,0
2024-03-08,Maternity,25,19,18,16,105,140,1,13,39,0,2.15,4,4.73,0,4.28,0,2
2024-03-09,Emergency,40,37,9,5,54,315,1,24,55,0,1.11,4,2.57,0,3.93,0,0
2024-03-09,ICU,20,19,9,7,74,209,1,13,52,0,2.1,2,3.64,2,3.77,0,1
2024-03-09,Pediatrics,30,30,9,9,49,276,2,21,78,0,2.21,4,4.19,0,3.8,0,0
2024-03-09,Cardiology,35,21,12,11,91,185,1,24,60,0,2.55,5,3.78,0,3.68,0,2
2024-03-09,Orthopedics,40,24,13,12,84,177,3,23,38,0,2.64,6,2.02,1,3.73,0,2
2024-03-09,Maternity,25,21,14,14,136,208,3,16,30,0,1.39,2,4.33,0,4.71,0,0
2024-03-10,Emergency,40,37,18,16,101,191,1,18,39,0,1.57,5,4.44,2,4.5,0,2
2024-03-10,ICU,20,13,13,13,103,211,4,24,47,0,2.81,4,5.51,1,4.72,0,1
2024-03-10,Pediatrics,30,29,6,5,71,317,3,19,47,0,0.89,2,5.56,2,4.5,0,3
2024-03-10,Cardiology,35,25,18,14,146,246,2,22,69,0,1.54,4,4.43,1,4.34,0,0
2024-03-10,Orthopedics,40,33,11,11,84,93,1,16,77,0,1.65,2,2.82,2,4.5,0,2
2024-03-10,Maternity,25,21,9,7,75,173,3,22,37,0,1.7,5,3.5,0,3.59,0,0
2024-03-11,Emergency,40,30,12,8,98,203,2,10,40,0,2.1,4,3.46,2,3.59,0,0
2024-03-11,ICU,20,16,17,17,133,186,1,16,76,0,2.12,5,4.61,0,4.06,0,0
2024-03-11,Pediatrics,30,26,13,11,126,302,1,11,60,0,1.12,6,2.44,3,4.11,1,0
2024-03-11,Cardiology,35,21,12,11,113,259,3,23,71,0,2.08,6,6.03,0,4.27,0,1
2024-03-11,Orthopedics,40,36,14,13,84,206,2,19,33,0,1.04,5,3.78,1,4.45,0,0
2024-03-11,Maternity,25,21,14,12,115,258,2,21,48,1,1.26,2,0.56,1,3.76,0,0
2024-03-12,Emergency,40,29,14,14,109,192,4,10,42,0,1.46,6,1.95,0,3.92,0,3
2024-03-12,ICU,20,19,9,6,103,277,2,12,44,0,2.15,4,2.23,1,4.02,0,1
2024-03-12,Pediatrics,30,25,12,11,110,143,2,23,67,0,1.78,6,8.24,0,4.74,0,6
2024-03-12,Cardiology,35,30,12,12,88,301,3,9,55,0,2.61,3,4.44,0,4.22,0,1
2024-03-12,Orthopedics,40,38,9,7,131,238,1,12,69,0,2.44,3,1.64,3,4.35,0,1
2024-03-12,Maternity,25,18,11,9,98,154,3,24,42,0,2.36,5,0.5,0,4.34,0,1
2024-03-13,Emergency,40,37,20,19,79,260,3,9,58,0,2.73,3,2.84,2,3.37,0,0
2024-03-13,ICU,20,13,11,11,64,213,4,8,54,0,1.54,2,2.97,3,4.19,0,1
2024-03-13,Pediatrics,30,25,12,11,110,276,4,20,76,0,1.03,3,2.71,2,3.79,0,4
2024-03-13,Cardiology,35,35,10,9,98,183,1,21,55,0,2.16,5,3.5,1,4.31,0,0
2024-03-13,Orthopedics,40,33,11,10,62,207,2,11,87,0,1.92,5,6.33,0,3.55,0,0
2024-03-13,Maternity,25,20,18,18,173,287,2,8,60,0,2.05,4,3.58,1,4.17,0,0
2024-03-14,Emergency,40,39,13,9,97,242,0,16,56,0,2.53,4,4.45,2,4.27,0,0
2024-03-14,ICU,20,16,6,2,115,258,2,8,51,0,2.21,4,0.5,1,3.69,0,0
2024-03-14,Pediatrics,30,23,9,9,109,178,3,24,72,0,2.47,2,3.79,0,4.01,0,0
2024-03-14,Cardiology,35,33,16,12,76,349,2,15,55,0,1.95,6,5.42,1,4.28,0,3
2024-03-14,Orthopedics,40,39,8,7,53,349,4,12,55,0,1.96,3,4.08,0,4.28,0,1
2024-03-14,Maternity,25,16,16,15,88,235,1,21,38,0,1.73,4,3.41,2,4.28,0,0
2024-03-15,Emergency,40,33,13,10,112,295,4,13,56,0,2.8,4,5.83,2,3.88,0,1
2024-03-15,ICU,20,14,17,16,123,309,3,15,57,0,1.63,5,3.69,0,3.96,0,0
2024-03-15,Pediatrics,30,25,15,13,109,148,1,8,52,0,2.37,2,4.18,1,4.29,0,0
2024-03-15,Cardiology,35,27,19,18,99,219,1,13,28,0,2.5,2,7.47,1,3.88,0,0
2024-03-15,Orthopedics,40,39,12,8,109,90,1,17,60,0,1.48,4,3.11,0,4.11,0,0
2024-03-15,Maternity,25,22,11,11,47,267,3,22,86,0,1.77,3,4.02,1,4.41,0,2
2024-03-16,Emergency,40,24,10,7,98,300,0,24,73,0,2.87,4,2.63,1,5.0,0,2
2024-03-16,ICU,20,17,15,15,96,320,1,15,71,0,2.49,2,1.0,1,3.65,0,0
2024-03-16,Pediatrics,30,27,16,12,117,157,1,18,36,0,2.2,2,3.91,0,3.89,0,0
2024-03-16,Cardiology,35,23,14,11,117,306,1,12,79,0,1.98,2,6.78,0,4.08,0,0
2024-03-16,Orthopedics,40,27,17,16,91,147,2,23,35,0,2.48,2,3.37,2,4.09,0,3
2024-03-16,Maternity,25,15,8,7,109,258,1,8,66,0,1.8,6,4.29,2,4.11,0,1
2024-03-17,Emergency,40,39,11,11,88,248,2,14,33,1,0.84,6,3.98,1,3.76,0,0
2024-03-17,ICU,20,12,14,10,53,389,4,21,45,0,3.06,6,2.31,1,4.23,0,2
2024-03-17,Pediatrics,30,28,12,10,97,298,3,24,59,0,1.71,3,5.85,1,3.92,0,2
2024-03-17,Cardiology,35,24,12,9,128,235,3,15,68,0,1.68,6,4.14,1,4.57,0,0
2024-03-17,Orthopedics,40,30,11,7,76,176,1,21,54,0,1.32,2,6.41,1,4.39,0,3
2024-03-17,Maternity,25,21,12,10,95,148,3,23,53,0,0.58,4,3.21,0,3.98,0,1
2024-03-18,Emergency,40,31,19,18,91,228,2,24,28,0,1.39,3,3.55,0,4.02,1,2
2024-03-18,ICU,20,15,15,14,82,172,1,11,70,0,2.37,4,4.8,1,3.58,0,0
2024-03-18,Pediatrics,30,26,16,13,115,191,3,12,70,0,2.4,3,4.51,1,4.33,0,0
2024-03-18,Cardiology,35,21,15,11,98,222,3,18,51,0,2.22,4,4.45,0,4.73,0,0
2024-03-18,Orthopedics,40,35,19,16,49,300,4,9,57,0,2.73,3,2.69,1,4.88,0,1
2024-03-18,Maternity,25,19,14,13,103,305,2,21,54,0,1.08,6,1.97,1,4.17,0,1
2024-03-19,Emergency,40,37,18,16,149,195,1,20,65,0,1.75,6,4.02,1,3.73,0,2
2024-03-19,ICU,20,16,16,12,100,300,4,21,62,1,0.81,6,2.75,0,3.92,0,0
2024-03-19,Pediatrics,30,21,18,18,70,175,3,23,43,0,1.6,6,6.06,1,3.97,0,1
2024-03-19,Cardiology,35,28,11,11,80,290,4,18,68,0,1.77,3,5.5,0,4.06,0,2
2024-03-19,Orthopedics,40,28,11,11,24,236,2,20,82,0,1.84,6,6.32,0,4.17,0,0
2024-03-19,Maternity,25,19,14,13,101,109,2,13,58,1,1.37,3,4.88,0,4.38,0,1
2024-03-20,Emergency,40,29,12,11,106,325,1,9,74,0,1.44,2,2.13,2,4.06,0,1
2024-03-20,ICU,20,17,9,9,78,211,2,21,19,0,1.45,2,3.86,2,3.97,0,4
2024-03-20,Pediatrics,30,25,10,10,75,200,0,24,63,0,2.21,3,4.71,1,4.56,0,1
2024-03-20,Cardiology,35,32,11,7,115,222,2,8,56,0,1.81,5,5.23,0,4.93,0,0
2024-03-20,Orthopedics,40,37,15,11,112,286,2,17,55,0,2.02,6,4.28,0,4.72,0,1
2024-03-20,Maternity,25,22,15,13,58,281,5,16,45,0,2.55,3,2.26,1,4.25,0,1
2024-03-21,Emergency,40,27,14,13,74,325,3,18,58,0,1.86,4,4.19,2,4.07,1,0
2024-03-21,ICU,20,18,14,11,52,210,2,19,55,0,1.86,6,2.42,0,4.83,0,4
2024-03-21,Pediatrics,30,27,13,13,124,145,0,9,59,0,1.91,2,5.15,2,4.21,1,0
2024-03-21,Cardiology,35,33,14,10,79,294,4,20,63,0,2.11,4,1.79,1,3.29,0,1
2024-03-21,Orthopedics,40,40,17,14,92,333,2,12,55,0,1.8,4,5.08,1,4.14,0,1
2024-03-21,Maternity,25,18,13,13,63,294,0,11,33,0,2.76,3,5.11,1,4.54,0,2
2024-03-22,Emergency,40,34,13,13,78,165,3,12,28,0,2.24,6,5.94,0,3.74,0,0
2024-03-22,ICU,20,19,12,11,90,218,1,19,38,0,1.52,5,0.6,2,3.13,0,2
2024-03-22,Pediatrics,30,24,12,10,93,253,2,10,45,0,1.38,6,4.91,1,4.45,1,1
2024-03-22,Cardiology,35,31,15,11,85,156,3,24,49,0,1.32,2,4.88,0,3.53,0,1
2024-03-22,Orthopedics,40,40,12,9,90,214,1,14,62,0,2.68,3,3.25,1,4.41,0,2
2024-03-22,Maternity,25,17,10,6,88,192,4,23,39,0,1.18,5,3.84,0,4.15,0,2
2024-03-23,Emergency,40,27,11,8,86,255,4,9,44,0,2.39,5,4.14,2,4.89,0,2
2024-03-23,ICU,20,16,10,8,90,175,2,9,58,1,2.3,5,3.38,2,4.62,0,0
2024-03-23,Pediatrics,30,18,13,9,74,234,2,13,63,0,2.17,5,4.11,2,3.22,0,0
2024-03-23,Cardiology,35,29,9,7,62,135,2,8,59,0,2.23,3,4.44,2,4.53,0,0
2024-03-23,Orthopedics,40,34,13,13,109,282,2,8,44,0,3.28,2,6.14,1,3.98,0,0
2024-03-23,Maternity,25,20,12,8,138,216,2,8,71,0,1.95,4,4.66,2,4.63,0,1
2024-03-24,Emergency,40,25,16,16,120,161,2,18,52,0,2.39,4,4.29,2,4.49,0,2
2024-03-24,ICU,20,13,11,10,130,293,2,14,85,0,1.8,5,3.9,2,4.22,0,1
2024-03-24,Pediatrics,30,20,17,16,84,221,0,20,53,0,2.97,5,2.77,1,4.2,0,0
2024-03-24,Cardiology,35,27,7,7,20,204,1,11,50,0,2.14,3,4.95,1,3.7,0,1
2024-03-24,Orthopedics,40,35,14,12,101,214,1,9,53,0,1.46,4,5.16,2,4.54,0,0
2024-03-24,Maternity,25,20,14,11,30,191,1,9,69,0,2.44,3,2.59,2,3.83,0,2
2024-03-25,Emergency,40,31,10,10,46,123,5,20,74,0,0.72,3,3.89,2,3.77,0,1
2024-03-25,ICU,20,14,9,8,60,312,1,22,82,0,2.96,5,4.12,0,4.82,0,1
2024-03-25,Pediatrics,30,24,15,11,84,217,1,10,58,0,1.29,5,3.93,0,4.1,0,2
2024-03-25,Cardiology,35,29,13,9,116,202,1,17,51,0,1.83,6,2.24,3,4.89,0,1
2024-03-25,Orthopedics,40,37,11,9,115,86,2,15,53,0,1.53,2,3.71,2,4.57,0,1
2024-03-25,Maternity,25,19,16,16,59,216,1,20,65,1,2.64,4,4.86,1,4.13,0,1
2024-03-26,Emergency,40,28,13,10,114,279,2,10,65,0,1.65,3,2.06,3,4.74,0,2
2024-03-26,ICU,20,12,12,12,105,292,3,22,58,0,2.07,6,5.53,0,4.01,0,2
2024-03-26,Pediatrics,30,21,17,13,49,251,2,17,60,0,1.83,2,1.99,1,3.51,0,1
2024-03-26,Cardiology,35,23,10,10,51,186,1,24,25,0,1.81,2,1.1,1,3.84,0,0
2024-03-26,Orthopedics,40,27,17,16,107,161,0,13,42,0,2.2,2,4.83,1,3.7,0,1
2024-03-26,Maternity,25,15,17,16,63,281,3,15,61,0,1.42,6,4.17,2,4.07,0,1
2024-03-27,Emergency,40,32,15,13,106,288,0,23,46,0,2.43,5,1.13,2,3.79,0,2
2024-03-27,ICU,20,18,19,18,93,161,1,14,70,0,2.07,4,3.44,1,4.15,0,0
2024-03-27,Pediatrics,30,23,15,11,96,193,1,19,67,1,1.25,6,3.38,0,4.88,0,0
2024-03-27,Cardiology,35,28,18,15,116,271,0,9,26,0,1.84,3,8.14,0,4.09,0,0
2024-03-27,Orthopedics,40,31,13,13,112,226,3,20,66,0,2.14,2,2.83,1,4.25,0,0
2024-03-27,Maternity,25,17,15,13,85,363,0,9,61,1,1.0,4,1.92,1,4.2,0,1
2024-03-28,Emergency,40,36,12,11,132,162,1,18,46,0,1.56,2,3.51,1,4.24,0,0
2024-03-28,ICU,20,15,16,12,93,311,1,22,78,0,3.47,5,3.67,0,4.78,0,0
2024-03-28,Pediatrics,30,22,14,13,39,197,0,10,63,0,1.92,3,3.01,1,3.99,0,2
2024-03-28,Cardiology,35,31,13,9,60,254,1,21,70,0,1.93,6,6.94,3,3.92,0,1
2024-03-28,Orthopedics,40,33,18,17,60,247,1,9,41,0,1.88,4,3.74,0,3.95,0,1
2024-03-28,Maternity,25,23,10,9,91,204,3,20,63,0,2.95,2,2.74,2,3.68,0,3
2024-03-29,Emergency,40,27,19,17,30,215,2,20,54,0,3.18,5,4.62,1,4.19,0,0
2024-03-29,ICU,20,15,14,14,82,337,2,16,49,0,1.33,4,4.73,0,4.39,0,0
2024-03-29,Pediatrics,30,22,10,10,96,237,1,20,66,0,1.2,2,5.39,1,4.43,0,1
2024-03-29,Cardiology,35,23,12,12,21,269,5,15,66,0,2.08,4,2.27,3,4.32,0,1
2024-03-29,Orthopedics,40,32,14,14,99,358,0,18,81,0,2.73,2,6.89,0,4.2,0,2
2024-03-29,Maternity,25,20,13,13,101,392,0,24,44,0,2.65,3,2.52,2,4.51,0,1
2024-03-30,Emergency,40,40,14,11,112,281,4,17,20,0,2.05,3,2.41,1,4.0,0,2
2024-03-30,ICU,20,20,7,7,128,229,1,10,69,0,1.94,2,4.67,0,3.48,0,0
2024-03-30,Pediatrics,30,28,14,11,92,232,0,16,51,0,1.83,6,4.44,0,3.94,0,1
2024-03-30,Cardiology,35,27,16,14,47,228,3,10,69,0,2.15,2,3.97,0,3.78,0,1
2024-03-30,Orthopedics,40,35,21,19,137,273,1,23,42,0,2.72,3,5.14,0,4.11,0,0
2024-03-30,Maternity,25,22,16,12,104,269,2,12,51,0,1.93,3,1.53,1,4.2,0,1
2024-03-31,Emergency,40,36,16,12,159,190,1,16,78,0,2.32,2,7.78,1,4.75,0,0
2024-03-31,ICU,20,15,9,9,77,237,2,17,37,0,0.97,2,2.83,2,4.25,0,1
2024-03-31,Pediatrics,30,23,13,12,90,208,1,21,64,0,1.5,2,5.76,1,4.2,0,1
2024-03-31,Cardiology,35,34,13,11,56,195,1,24,34,0,2.34,3,3.66,2,4.27,0,0
2024-03-31,Orthopedics,40,30,8,4,82,237,4,17,54,0,1.97,3,3.89,0,4.06,0,0
2024-03-31,Maternity,25,23,15,13,108,145,1,13,48,0,1.65,4,4.89,1,4.48,0,0
2024-04-01,Emergency,40,36,16,12,55,324,2,9,77,0,1.6,5,3.4,1,4.16,0,0
2024-04-01,ICU,20,16,17,17,115,261,4,24,61,0,2.79,6,4.33,1,4.87,0,3
2024-04-01,Pediatrics,30,20,21,20,85,148,0,17,47,0,1.94,3,3.44,1,3.48,0,2
2024-04-01,Cardiology,35,26,13,12,85,241,2,13,47,0,1.65,3,4.62,1,4.07,0,1
2024-04-01,Orthopedics,40,30,12,11,96,170,1,12,75,1,1.32,4,5.3,4,3.83,0,0
2024-04-01,Maternity,25,16,16,16,76,308,3,17,81,0,1.03,3,3.86,1,4.13,1,2
2024-04-02,Emergency,40,29,12,9,42,261,1,8,54,0,1.42,3,3.9,1,4.26,0,1
2024-04-02,ICU,20,14,12,9,163,283,2,15,36,0,2.13,3,1.92,1,3.99,1,3
2024-04-02,Pediatrics,30,24,16,14,93,98,2,16,66,0,1.89,3,2.03,3,4.58,0,0
2024-04-02,Cardiology,35,31,12,12,86,180,1,10,54,0,2.27,2,4.19,3,3.71,0,0
2024-04-02,Orthopedics,40,28,11,9,72,231,2,17,57,0,1.3,5,2.03,2,3.46,0,2
2024-04-02,Maternity,25,19,14,13,99,313,3,23,87,0,1.17,4,3.84,0,4.55,0,1
2024-04-03,Emergency,40,31,12,11,72,244,4,16,64,0,2.15,2,4.24,2,3.99,0,1
2024-04-03,ICU,20,17,13,9,63,194,2,16,13,0,1.96,5,4.02,3,3.77,0,1
2024-04-03,Pediatrics,30,26,13,13,111,237,3,14,30,0,2.52,2,2.56,2,4.25,0,2
2024-04-03,Cardiology,35,33,11,9,64,228,1,24,37,0,1.42,4,6.14,2,4.08,0,0
2024-04-03,Orthopedics,40,26,20,16,56,147,3,20,68,0,1.56,6,2.04,1,4.25,0,2
2024-04-03,Maternity,25,16,14,13,78,246,0,9,62,0,1.74,6,5.2,1,3.72,0,1
2024-04-04,Emergency,40,30,11,9,79,224,3,12,61,0,2.16,4,2.91,1,3.96,0,1
2024-04-04,ICU,20,14,10,9,127,206,2,21,62,1,1.11,6,4.35,1,4.23,0,1
2024-04-04,Pediatrics,30,23,12,11,23,261,0,17,55,1,2.29,5,1.67,0,3.95,0,1
2024-04-04,Cardiology,35,21,12,11,118,221,2,10,56,0,1.69,3,3.57,2,4.17,0,0
2024-04-04,Orthopedics,40,35,13,12,101,340,1,18,42,0,1.46,2,3.73,1,4.53,0,0
2024-04-04,Maternity,25,18,12,10,68,202,2,13,48,0,1.69,3,4.5,1,4.78,1,2
2024-04-05,Emergency,40,29,13,10,55,294,2,18,50,0,2.56,3,3.07,0,4.52,0,2
2024-04-05,ICU,20,16,12,11,78,287,1,22,58,1,2.12,4,3.66,0,4.29,0,0
2024-04-05,Pediatrics,30,27,18,17,113,171,0,10,28,0,2.66,4,4.33,1,4.6,0,1
2024-04-05,Cardiology,35,27,11,10,117,251,2,13,73,0,1.73,6,2.99,1,4.38,0,0
2024-04-05,Orthopedics,40,31,9,9,85,186,1,15,64,0,1.83,4,3.73,0,4.76,0,2
2024-04-05,Maternity,25,16,12,10,48,282,2,15,46,0,2.17,6,2.26,1,3.83,1,1
2024-04-06,Emergency,40,37,15,13,80,171,2,19,54,0,2.23,5,3.93,2,4.02,0,1
2024-04-06,ICU,20,20,13,13,101,194,4,22,72,0,1.3,5,5.17,1,4.53,0,2
2024-04-06,Pediatrics,30,20,9,9,147,242,2,17,62,0,1.32,5,5.7,1,4.12,0,3
2024-04-06,Cardiology,35,23,6,4,58,301,0,13,56,0,2.02,4,2.16,0,4.42,0,2
2024-04-06,Orthopedics,40,35,11,11,121,312,1,20,45,0,1.77,2,6.62,1,4.18,0,0
2024-04-06,Maternity,25,15,12,8,100,91,3,11,70,0,1.75,5,3.96,1,4.69,1,1
2024-04-07,Emergency,40,28,19,17,137,326,1,11,70,0,0.58,4,2.14,0,4.46,0,2
2024-04-07,ICU,20,12,13,12,85,237,2,8,59,0,2.02,5,2.64,0,3.87,0,1
2024-04-07,Pediatrics,30,19,14,11,105,204,2,9,49,0,2.34,2,6.37,0,4.4,0,2
2024-04-07,Cardiology,35,33,14,14,85,255,1,8,67,0,2.23,3,5.18,2,4.55,0,0
2024-04-07,Orthopedics,40,25,13,10,118,262,4,20,45,0,2.31,3,5.37,2,4.22,0,0
2024-04-07,Maternity,25,25,12,8,73,271,3,18,75,0,1.64,6,2.44,2,4.97,0,1
2024-04-08,Emergency,40,31,15,15,94,150,1,8,26,0,2.56,4,5.97,1,4.55,0,2
2024-04-08,ICU,20,15,12,12,89,192,2,21,37,0,2.17,2,4.15,0,4.42,1,1
2024-04-08,Pediatrics,30,30,11,8,92,121,2,8,62,0,2.27,6,3.29,0,4.6,0,3
2024-04-08,Cardiology,35,32,14,14,113,434,3,24,57,0,1.28,3,2.76,1,4.21,0,0
2024-04-08,Orthopedics,40,27,18,16,105,286,1,12,45,0,1.5,6,4.44,2,4.33,0,2
2024-04-08,Maternity,25,15,12,12,145,213,3,21,40,0,2.66,2,2.33,1,3.84,0,2
2024-04-09,Emergency,40,30,13,10,159,264,0,22,43,0,1.59,4,4.85,1,4.81,0,2
2024-04-09,ICU,20,16,14,11,73,252,1,13,50,0,2.15,4,0.92,1,3.91,1,0
2024-04-09,Pediatrics,30,30,18,15,90,205,0,21,25,1,1.71,4,2.54,1,4.39,0,2
2024-04-09,Cardiology,35,23,10,9,74,192,3,9,33,0,1.31,3,4.06,1,4.63,0,0
2024-04-09,Orthopedics,40,35,9,9,93,263,3,11,58,1,2.03,2,3.9,1,4.67,0,1
2024-04-09,Maternity,25,21,12,11,100,356,1,10,64,1,2.48,4,0.74,0,4.17,0,0
2024-04-10,Emergency,40,25,17,14,60,209,1,22,93,0,1.25,5,4.64,3,4.59,0,0
2024-04-10,ICU,20,18,13,13,118,232,3,17,64,0,1.91,2,2.69,3,4.14,0,2
2024-04-10,Pediatrics,30,21,15,15,68,275,1,8,67,0,1.78,6,4.28,2,3.68,0,2
2024-04-10,Cardiology,35,26,8,6,99,291,2,22,48,0,2.12,2,3.67,0,4.06,0,0
2024-04-10,Orthopedics,40,37,13,13,88,188,4,15,47,0,2.03,2,4.04,3,4.13,0,0
2024-04-10,Maternity,25,16,7,7,105,285,1,19,75,1,1.63,2,4.22,1,4.42,0,1
2024-04-11,Emergency,40,40,8,5,98,130,3,15,42,0,2.38,3,3.37,0,3.92,0,1
2024-04-11,ICU,20,15,15,13,114,117,3,17,47,0,1.62,4,4.22,0,3.59,0,1
2024-04-11,Pediatrics,30,29,11,8,107,280,1,14,56,0,2.3,6,5.1,0,4.16,0,0
2024-04-11,Cardiology,35,25,12,10,92,239,2,14,35,0,1.69,5,2.37,1,4.62,0,4
2024-04-11,Orthopedics,40,26,17,15,105,235,2,13,28,0,1.65,3,4.91,0,3.79,0,1
2024-04-11,Maternity,25,23,10,6,86,227,1,23,56,0,1.52,3,6.51,1,4.4,0,0
2024-04-12,Emergency,40,30,12,12,111,271,3,22,42,0,2.39,5,1.68,0,4.07,0,0
2024-04-12,ICU,20,13,9,8,131,258,2,12,73,0,1.8,2,5.15,1,4.5,0,1
2024-04-12,Pediatrics,30,19,13,13,76,161,3,14,64,1,2.27,3,1.8,1,4.96,0,1
2024-04-12,Cardiology,35,28,14,14,89,315,2,22,46,0,2.09,4,3.59,2,3.11,0,0
2024-04-12,Orthopedics,40,30,7,4,73,260,1,16,40,0,1.92,5,4.03,1,3.38,0,2
2024-04-12,Maternity,25,24,10,7,151,308,3,17,76,0,2.29,2,6.49,1,4.0,0,0
2024-04-13,Emergency,40,33,14,11,59,346,2,19,61,0,1.6,6,4.01,2,4.0,0,0
2024-04-13,ICU,20,19,11,8,55,262,4,19,68,0,1.58,4,5.36,2,4.64,0,1
2024-04-13,Pediatrics,30,29,12,11,111,294,2,23,26,0,0.8,6,5.0,1,3.96,0,0
2024-04-13,Cardiology,35,34,11,9,70,202,1,11,37,0,2.45,6,2.68,0,4.04,0,1
2024-04-13,Orthopedics,40,40,10,10,113,191,3,11,48,1,2.68,3,2.56,0,4.14,0,2
2024-04-13,Maternity,25,17,11,8,142,157,2,18,47,0,1.7,4,0.5,1,4.48,0,1
2024-04-14,Emergency,40,35,11,10,110,214,5,13,80,0,1.26,2,4.95,0,4.32,0,0
2024-04-14,ICU,20,15,12,8,90,227,2,15,64,0,2.02,6,5.45,1,3.65,0,0
2024-04-14,Pediatrics,30,21,15,11,127,204,1,21,55,0,2.51,5,5.23,1,4.08,0,3
2024-04-14,Cardiology,35,21,12,12,10,364,2,18,74,0,2.04,3,6.38,1,4.58,0,0
2024-04-14,Orthopedics,40,32,14,11,103,250,3,20,78,0,1.58,5,3.43,1,4.36,0,3
2024-04-14,Maternity,25,25,10,7,99,105,3,18,54,0,1.56,6,5.74,1,4.19,0,0
2024-04-15,Emergency,40,29,12,8,67,162,1,24,66,1,2.22,4,5.01,1,4.81,0,4
2024-04-15,ICU,20,15,9,8,93,225,2,10,57,0,2.09,6,5.24,1,3.69,0,1
2024-04-15,Pediatrics,30,26,17,13,111,297,1,23,62,0,2.24,4,2.75,1,4.34,0,1
2024-04-15,Cardiology,35,27,14,12,69,319,3,10,47,0,2.32,5,4.82,3,4.25,0,1
2024-04-15,Orthopedics,40,28,9,5,154,204,2,19,49,0,2.21,6,2.55,0,4.05,0,0
2024-04-15,Maternity,25,21,16,16,126,254,1,21,52,0,1.65,3,0.5,3,3.99,1,1
2024-04-16,Emergency,40,40,13,10,103,356,3,8,50,0,2.46,4,4.33,0,3.91,0,2
2024-04-16,ICU,20,13,15,12,98,319,6,13,63,0,2.58,5,2.16,1,4.22,0,0
2024-04-16,Pediatrics,30,20,15,15,73,207,5,22,56,0,2.55,5,5.48,2,3.9,0,0
2024-04-16,Cardiology,35,29,16,12,95,246,1,8,88,0,2.4,2,3.87,1,3.67,0,1
2024-04-16,Orthopedics,40,27,16,16,77,299,0,14,69,0,2.48,5,2.67,1,4.61,0,0
2024-04-16,Maternity,25,15,12,8,123,270,1,17,76,0,2.17,5,3.22,2,4.76,0,1
2024-04-17,Emergency,40,38,10,10,35,294,2,8,73,0,2.12,4,2.78,2,3.82,0,1
2024-04-17,ICU,20,17,9,5,42,297,3,22,61,0,1.45,3,3.92,0,4.43,0,0
2024-04-17,Pediatrics,30,23,17,13,38,183,0,8,70,0,2.19,2,7.17,1,4.27,0,1
2024-04-17,Cardiology,35,24,9,5,131,197,2,20,16,0,1.49,2,6.1,1,4.06,0,0
2024-04-17,Orthopedics,40,25,14,14,104,280,5,14,41,1,1.96,2,5.71,3,3.31,0,0
2024-04-17,Maternity,25,17,14,13,74,233,4,17,69,0,1.54,3,3.41,0,4.19,0,3
2024-04-18,Emergency,40,39,16,16,130,178,4,14,56,1,2.33,6,4.07,1,4.63,0,1
2024-04-18,ICU,20,17,12,8,84,261,1,13,69,0,1.45,4,4.87,0,4.06,0,2
2024-04-18,Pediatrics,30,18,9,9,102,276,2,9,64,0,2.57,6,4.47,0,3.94,0,5
2024-04-18,Cardiology,35,22,16,15,116,354,3,9,41,0,1.64,5,2.78,0,4.18,1,0
2024-04-18,Orthopedics,40,33,13,13,82,162,3,14,54,0,1.44,2,5.74,1,4.14,0,0
2024-04-18,Maternity,25,17,15,15,69,204,2,19,37,0,2.85,2,3.7,3,4.41,0,0
2024-04-19,Emergency,40,37,13,11,77,241,1,12,69,0,2.03,5,3.11,0,4.09,0,4
2024-04-19,ICU,20,15,14,14,76,245,2,14,70,0,2.45,2,3.15,3,4.67,1,1
2024-04-19,Pediatrics,30,21,9,5,68,399,0,15,60,0,1.58,6,6.79,0,4.43,0,0
2024-04-19,Cardiology,35,22,16,14,68,341,3,16,31,0,2.71,2,1.84,1,3.87,0,0
2024-04-19,Orthopedics,40,26,18,16,64,223,5,23,49,0,1.56,2,4.21,0,3.9,0,1
2024-04-19,Maternity,25,16,13,12,87,291,3,14,58,0,2.21,6,4.86,1,4.76,0,2
2024-04-20,Emergency,40,33,13,13,55,227,0,19,50,0,1.66,6,3.57,1,4.15,0,0
2024-04-20,ICU,20,13,9,5,81,274,1,24,70,0,1.65,6,5.67,3,4.76,1,1
2024-04-20,Pediatrics,30,21,9,6,83,265,2,21,56,0,1.99,6,6.18,0,3.75,0,1
2024-04-20,Cardiology,35,29,12,10,151,208,1,16,65,0,1.09,5,2.16,1,3.97,0,1
2024-04-20,Orthopedics,40,36,9,9,83,190,1,20,68,0,2.37,6,5.01,3,3.95,0,1
2024-04-20,Maternity,25,18,9,6,89,247,1,20,50,0,1.73,4,3.25,0,4.12,0,3
2024-04-21,Emergency,40,35,12,11,40,194,0,12,76,0,2.12,5,3.54,1,4.07,0,0
2024-04-21,ICU,20,14,9,8,78,226,2,13,52,0,1.6,6,3.75,2,4.26,0,1
2024-04-21,Pediatrics,30,22,18,18,112,319,1,13,51,0,1.92,3,3.76,0,4.91,0,2
2024-04-21,Cardiology,35,32,16,16,66,307,3,10,70,0,2.35,2,4.79,0,4.33,0,0
2024-04-21,Orthopedics,40,35,13,13,103,233,3,14,51,0,1.91,2,4.05,2,4.83,0,2
2024-04-21,Maternity,25,25,10,6,147,215,2,20,36,0,2.01,6,3.92,2,5.0,0,0
2024-04-22,Emergency,40,28,19,18,145,304,1,19,59,0,2.59,6,4.02,0,4.08,0,1
2024-04-22,ICU,20,15,15,11,146,261,0,23,32,0,1.37,5,4.39,1,4.22,0,0
2024-04-22,Pediatrics,30,20,11,9,83,383,4,11,77,0,1.84,6,4.79,3,4.53,0,0
2024-04-22,Cardiology,35,28,17,15,39,318,1,16,71,0,1.7,5,5.16,0,4.54,0,1
2024-04-22,Orthopedics,40,31,10,8,90,296,1,20,74,0,2.22,6,3.16,1,3.94,0,1
2024-04-22,Maternity,25,18,14,10,106,225,5,16,34,0,1.67,4,6.51,2,4.7,0,1
2024-04-23,Emergency,40,40,13,9,99,270,2,9,46,0,2.46,5,7.31,1,4.25,0,1
2024-04-23,ICU,20,13,22,20,107,284,3,24,58,0,1.97,2,5.74,1,3.3,0,2
2024-04-23,Pediatrics,30,23,12,8,73,227,1,11,71,0,2.15,4,3.0,1,3.97,0,0
2024-04-23,Cardiology,35,26,9,5,92,350,1,23,64,0,1.86,5,2.46,2,4.57,0,0
2024-04-23,Orthopedics,40,28,17,15,93,291,1,18,42,0,2.16,2,4.63,1,4.36,0,3
2024-04-23,Maternity,25,20,11,9,56,232,1,12,47,0,2.4,5,2.96,1,4.43,0,1
2024-04-24,Emergency,40,26,10,8,71,224,1,10,44,0,1.78,3,4.42,0,3.89,0,1
2024-04-24,ICU,20,12,10,9,82,140,3,11,51,0,2.37,5,2.5,1,5.0,1,1
2024-04-24,Pediatrics,30,25,9,8,82,271,3,21,37,0,1.45,5,5.95,2,4.17,0,2
2024-04-24,Cardiology,35,24,18,16,108,206,3,20,63,0,2.63,6,2.33,1,4.08,0,1
2024-04-24,Orthopedics,40,34,14,13,87,255,5,19,36,0,2.46,4,5.53,0,4.45,0,1
2024-04-24,Maternity,25,17,9,7,120,308,2,21,44,0,2.59,4,2.86,2,4.73,0,1
2024-04-25,Emergency,40,34,11,11,102,232,5,12,48,0,1.52,6,4.03,2,3.59,0,2
2024-04-25,ICU,20,17,11,11,138,228,4,24,38,0,1.78,5,1.31,0,4.39,0,0
2024-04-25,Pediatrics,30,19,16,16,77,148,1,24,46,0,1.46,6,5.64,0,4.14,0,0
2024-04-25,Cardiology,35,29,17,17,72,213,2,19,65,1,2.43,3,2.39,0,4.17,0,0
2024-04-25,Orthopedics,40,33,13,12,43,210,3,14,43,0,2.7,3,4.66,0,4.25,0,1
2024-04-25,Maternity,25,25,9,9,76,137,4,21,47,0,3.02,2,4.49,2,4.55,0,0
2024-04-26,Emergency,40,35,15,11,107,232,1,18,84,0,2.42,4,5.36,0,4.25,0,2
2024-04-26,ICU,20,15,12,8,60,291,4,20,63,0,1.19,2,2.87,0,4.44,0,0
2024-04-26,Pediatrics,30,20,13,13,88,333,1,16,47,0,1.88,6,5.43,1,4.01,0,2
2024-04-26,Cardiology,35,30,13,10,67,351,3,21,52,1,0.89,6,3.14,1,4.49,0,0
2024-04-26,Orthopedics,40,34,14,13,61,249,2,21,54,0,2.08,4,4.72,0,4.83,0,1
2024-04-26,Maternity,25,17,14,10,146,239,1,14,58,0,2.18,4,6.86,0,3.98,0,3
2024-04-27,Emergency,40,27,14,13,99,278,1,8,74,0,1.85,6,2.56,1,4.35,0,1
2024-04-27,ICU,20,15,13,11,84,246,2,10,67,0,1.84,4,7.12,0,4.2,0,0
2024-04-27,Pediatrics,30,19,12,12,55,279,4,14,51,0,1.59,6,5.78,0,4.24,0,0
2024-04-27,Cardiology,35,24,17,17,93,229,2,11,42,0,2.2,6,4.66,1,3.76,0,1
2024-04-27,Orthopedics,40,34,10,6,90,219,2,11,61,0,2.08,5,2.15,1,3.72,0,2
2024-04-27,Maternity,25,24,20,16,89,281,6,14,41,0,2.43,5,5.56,2,4.36,0,0
2024-04-28,Emergency,40,27,14,11,61,226,1,9,45,1,2.14,4,4.82,0,4.27,0,2
2024-04-28,ICU,20,13,12,9,109,286,0,10,53,0,2.06,6,5.27,1,3.71,0,2
2024-04-28,Pediatrics,30,26,11,8,87,265,1,14,55,0,3.18,4,1.72,1,3.68,0,0
2024-04-28,Cardiology,35,26,6,5,117,268,3,16,53,1,2.38,3,5.58,2,3.82,0,2
2024-04-28,Orthopedics,40,28,15,12,83,224,1,22,87,0,2.51,3,3.52,3,3.98,0,0
2024-04-28,Maternity,25,25,8,8,154,132,1,14,49,0,1.72,2,4.99,0,4.59,0,1
2024-04-29,Emergency,40,27,13,12,47,138,2,15,64,0,2.28,2,5.77,3,4.59,0,0
2024-04-29,ICU,20,17,14,12,104,121,1,22,54,0,2.02,5,3.94,3,4.3,0,2
2024-04-29,Pediatrics,30,28,13,13,77,210,5,17,61,0,2.3,3,0.5,0,5.0,0,0
2024-04-29,Cardiology,35,30,17,13,156,277,6,19,81,0,2.05,6,3.4,0,4.72,0,0
2024-04-29,Orthopedics,40,38,18,18,81,224,4,24,72,0,2.35,5,2.56,2,3.9,0,1
2024-04-29,Maternity,25,15,6,4,98,163,1,22,35,0,2.33,6,3.96,0,4.23,0,1
2024-04-30,Emergency,40,40,14,14,64,337,2,9,68,0,1.55,5,5.8,1,4.34,0,0
2024-04-30,ICU,20,19,9,8,81,182,0,14,43,0,2.04,2,4.4,2,4.62,0,2
2024-04-30,Pediatrics,30,18,12,10,124,272,3,14,37,0,1.84,4,3.74,2,3.91,0,2
2024-04-30,Cardiology,35,27,7,3,42,204,0,19,44,0,2.52,5,3.82,0,3.74,0,1
2024-04-30,Orthopedics,40,40,14,11,92,252,1,24,69,0,1.94,2,4.74,1,4.39,0,0
2024-04-30,Maternity,25,23,11,7,173,239,3,24,35,0,1.96,4,0.78,1,4.24,0,1
2024-05-01,Emergency,40,27,12,8,186,187,1,21,60,0,2.24,3,0.55,4,3.43,0,1
2024-05-01,ICU,20,20,12,11,70,168,4,15,48,0,1.72,5,1.92,0,4.24,0,1
2024-05-01,Pediatrics,30,27,14,14,92,229,1,14,70,0,2.17,2,3.51,1,4.43,0,1
2024-05-01,Cardiology,35,32,11,7,109,290,4,18,42,0,1.82,5,2.85,3,3.83,0,1
2024-05-01,Orthopedics,40,39,18,17,102,223,4,10,32,1,1.44,2,0.76,1,4.04,0,0
2024-05-01,Maternity,25,20,14,11,53,266,4,10,40,0,2.32,5,1.68,2,4.52,0,1
2024-05-02,Emergency,40,39,13,11,61,229,2,10,47,0,1.93,3,4.46,1,4.39,0,2
2024-05-02,ICU,20,14,20,20,73,179,4,11,81,1,1.95,6,4.63,2,4.19,0,1
2024-05-02,Pediatrics,30,27,10,10,112,184,2,13,61,0,1.85,5,2.29,2,3.7,0,2
2024-05-02,Cardiology,35,29,12,10,145,265,6,8,51,0,2.42,4,3.56,1,4.0,0,0
2024-05-02,Orthopedics,40,31,9,6,47,215,1,8,27,0,2.1,5,2.69,1,3.97,0,1
2024-05-02,Maternity,25,23,12,8,80,224,2,9,45,0,1.84,4,5.34,1,4.26,0,1
2024-05-03,Emergency,40,39,13,9,148,262,2,17,53,1,2.55,6,6.49,1,4.72,0,0
2024-05-03,ICU,20,13,17,13,50,265,2,13,49,1,2.01,5,4.4,1,4.09,0,1
2024-05-03,Pediatrics,30,29,12,10,85,271,5,20,36,0,2.43,4,5.6,1,3.7,0,0
2024-05-03,Cardiology,35,27,16,12,66,218,2,20,41,0,1.89,3,4.29,0,3.62,0,1
2024-05-03,Orthopedics,40,33,9,6,109,290,1,16,24,0,1.4,2,5.66,1,4.6,0,1
2024-05-03,Maternity,25,19,17,16,99,274,5,8,45,0,1.87,2,1.94,1,4.04,0,0
2024-05-04,Emergency,40,25,11,10,70,317,4,21,18,0,2.22,6,4.32,1,4.52,0,0
2024-05-04,ICU,20,14,13,13,112,256,2,19,50,0,1.85,3,5.85,2,4.37,0,1
2024-05-04,Pediatrics,30,29,7,5,99,147,1,16,55,0,1.89,6,4.32,1,4.02,0,1
2024-05-04,Cardiology,35,35,19,15,14,237,4,8,40,0,2.79,3,4.74,1,4.12,0,0
2024-05-04,Orthopedics,40,34,11,9,67,145,2,10,49,0,0.93,5,3.83,0,4.22,0,0
2024-05-04,Maternity,25,20,16,12,91,195,1,24,67,0,1.1,5,5.48,2,4.57,0,3
2024-05-05,Emergency,40,28,8,7,75,254,1,13,47,0,1.72,5,3.83,0,3.28,0,2
2024-05-05,ICU,20,13,11,10,84,250,0,11,62,0,2.23,5,4.02,0,3.77,0,1
2024-05-05,Pediatrics,30,24,7,6,40,176,1,10,49,0,1.9,6,2.29,2,3.94,0,0
2024-05-05,Cardiology,35,21,12,11,94,200,4,23,68,0,1.59,3,5.26,2,3.95,0,0
2024-05-05,Orthopedics,40,29,9,6,81,227,2,20,54,0,1.37,4,2.88,1,4.37,0,1
2024-05-05,Maternity,25,22,15,12,63,296,2,11,33,0,1.5,6,4.77,0,4.35,0,0
2024-05-06,Emergency,40,35,9,8,76,293,1,16,27,0,1.56,6,3.57,1,4.27,0,1
2024-05-06,ICU,20,17,17,15,141,232,4,18,74,0,2.34,3,2.3,2,3.68,0,2
2024-05-06,Pediatrics,30,30,11,10,66,220,2,16,58,0,1.86,3,2.45,2,4.27,0,0
2024-05-06,Cardiology,35,34,13,13,114,300,1,8,48,0,2.41,2,5.33,0,4.21,0,1
2024-05-06,Orthopedics,40,26,15,13,83,209,1,21,29,0,1.7,2,4.22,1,3.82,0,0
2024-05-06,Maternity,25,22,16,13,77,322,3,8,49,0,0.97,6,4.01,1,3.9,0,2
2024-05-07,Emergency,40,29,17,15,87,376,2,9,59,0,2.21,3,4.52,3,3.97,0,1
2024-05-07,ICU,20,18,7,4,114,228,1,12,36,0,2.21,4,4.87,3,4.26,0,0
2024-05-07,Pediatrics,30,22,11,11,102,241,5,14,70,0,1.7,3,5.61,1,4.73,0,0
2024-05-07,Cardiology,35,21,10,8,49,285,1,18,76,0,1.52,4,2.19,1,4.85,0,1
2024-05-07,Orthopedics,40,36,7,6,60,221,3,15,40,1,1.72,5,5.41,1,4.12,0,0
2024-05-07,Maternity,25,24,10,6,96,342,0,22,37,0,2.74,3,4.1,1,4.57,0,1
2024-05-08,Emergency,40,40,13,9,120,211,1,13,63,0,1.8,5,1.82,0,4.04,0,2
2024-05-08,ICU,20,18,17,16,58,180,3,14,62,0,2.67,6,5.03,1,3.96,0,1
2024-05-08,Pediatrics,30,21,17,13,98,404,3,13,66,0,2.02,3,1.38,1,4.56,0,0
2024-05-08,Cardiology,35,27,16,15,56,228,3,18,69,0,1.77,6,4.39,0,4.5,0,2
2024-05-08,Orthopedics,40,37,15,14,82,277,1,22,47,0,2.4,5,6.27,1,4.51,0,2
2024-05-08,Maternity,25,21,12,12,68,263,5,16,18,0,2.01,4,4.14,1,3.65,0,0
2024-05-09,Emergency,40,25,12,12,121,207,2,8,48,0,1.14,3,2.67,3,4.09,0,0
2024-05-09,ICU,20,15,10,10,128,230,2,20,51,1,1.32,2,3.79,1,4.2,0,1
2024-05-09,Pediatrics,30,22,11,7,122,255,1,13,28,0,2.29,5,4.74,2,3.77,0,2
2024-05-09,Cardiology,35,34,17,14,111,196,2,12,62,0,1.92,3,2.53,1,4.26,0,0
2024-05-09,Orthopedics,40,37,14,12,108,203,4,14,41,0,1.16,6,4.89,1,3.93,0,2
2024-05-09,Maternity,25,23,8,6,136,331,1,19,69,0,1.24,4,2.62,1,3.81,0,1
2024-05-10,Emergency,40,37,17,17,130,308,2,17,51,0,2.74,3,5.65,0,3.13,0,0
2024-05-10,ICU,20,15,15,15,88,299,1,8,64,0,1.77,2,6.66,0,4.77,0,1
2024-05-10,Pediatrics,30,29,8,5,101,256,4,19,64,0,2.33,5,4.11,0,4.07,0,1
2024-05-10,Cardiology,35,23,23,22,57,270,1,16,55,0,1.76,5,5.71,1,4.85,0,3
2024-05-10,Orthopedics,40,34,17,17,35,256,1,11,49,0,1.32,2,7.27,1,3.92,0,0
2024-05-10,Maternity,25,17,21,20,64,340,2,19,24,0,2.69,4,2.7,3,4.73,0,0
2024-05-11,Emergency,40,33,11,7,56,316,1,11,42,0,2.25,5,6.97,0,4.29,0,1
2024-05-11,ICU,20,19,16,15,99,88,3,17,80,0,1.94,4,7.01,0,4.16,0,1
2024-05-11,Pediatrics,30,23,9,8,63,335,3,23,45,0,1.28,6,4.02,2,3.29,0,1
2024-05-11,Cardiology,35,33,11,10,82,211,1,20,68,0,2.23,4,2.49,0,3.84,0,2
2024-05-11,Orthopedics,40,32,12,8,87,224,3,21,77,0,2.63,5,3.69,0,4.79,0,3
2024-05-11,Maternity,25,24,9,5,92,261,2,11,39,0,2.23,5,3.84,1,4.12,0,0
2024-05-12,Emergency,40,31,12,11,93,260,2,11,68,0,1.74,2,1.82,1,3.88,1,2
2024-05-12,ICU,20,13,8,4,104,235,1,13,56,0,2.46,6,3.84,0,4.3,0,1
2024-05-12,Pediatrics,30,30,10,7,133,88,2,17,64,0,2.0,5,2.86,1,4.78,0,0
2024-05-12,Cardiology,35,26,17,15,61,205,2,24,68,0,2.05,3,4.4,2,3.73,0,1
2024-05-12,Orthopedics,40,33,16,12,61,261,1,23,53,1,1.72,6,6.68,2,4.04,0,0
2024-05-12,Maternity,25,16,9,6,80,253,4,14,63,0,2.65,2,6.17,1,3.79,0,1
2024-05-13,Emergency,40,29,13,10,80,370,3,13,33,0,1.56,5,1.14,1,4.12,0,1
2024-05-13,ICU,20,12,16,14,41,306,1,24,29,0,1.51,3,3.26,2,4.24,0,4
2024-05-13,Pediatrics,30,18,20,17,83,282,2,15,60,0,2.36,5,4.8,0,4.17,0,3
2024-05-13,Cardiology,35,35,10,7,84,242,1,11,60,0,1.92,2,3.43,2,3.61,0,1
2024-05-13,Orthopedics,40,27,10,7,79,232,3,20,64,0,2.04,2,2.75,0,4.97,0,2
2024-05-13,Maternity,25,21,15,15,103,343,1,13,53,0,1.52,4,2.45,1,3.55,0,4
2024-05-14,Emergency,40,39,8,8,92,272,5,10,18,0,2.19,6,5.89,2,4.19,0,0
2024-05-14,ICU,20,19,10,10,85,261,1,11,67,1,1.89,3,6.24,0,4.1,0,1
2024-05-14,Pediatrics,30,30,18,15,103,198,2,12,44,0,1.93,2,4.3,0,4.25,0,1
2024-05-14,Cardiology,35,21,14,13,21,262,1,17,46,0,2.47,5,6.18,2,3.85,0,1
2024-05-14,Orthopedics,40,28,9,5,102,179,2,9,42,0,2.25,4,6.22,0,4.6,0,0
2024-05-14,Maternity,25,20,13,10,121,213,1,12,67,0,1.76,4,3.01,1,4.67,0,2
2024-05-15,Emergency,40,32,16,16,91,214,1,23,76,0,2.74,5,4.62,0,4.18,0,0
2024-05-15,ICU,20,15,12,8,102,234,1,18,40,0,2.15,6,3.92,0,4.16,0,1
2024-05-15,Pediatrics,30,26,14,12,45,278,3,15,44,0,2.06,6,5.09,1,4.51,0,1
2024-05-15,Cardiology,35,25,7,6,102,246,2,16,56,1,1.38,2,3.14,1,3.86,0,0
2024-05-15,Orthopedics,40,40,13,11,36,233,2,18,84,0,1.6,6,3.52,2,4.65,0,1
2024-05-15,Maternity,25,16,9,8,10,270,3,22,72,0,1.27,5,2.38,1,4.48,0,2
2024-05-16,Emergency,40,33,14,10,99,181,1,21,24,0,1.95,2,4.16,0,4.45,0,2
2024-05-16,ICU,20,19,13,10,97,225,0,9,58,0,2.37,6,4.59,0,4.13,0,1
2024-05-16,Pediatrics,30,29,18,18,114,296,0,20,70,0,2.13,6,6.21,2,4.0,0,1
2024-05-16,Cardiology,35,33,16,14,121,190,3,19,38,0,2.14,2,2.75,0,4.99,0,2
2024-05-16,Orthopedics,40,39,13,10,124,219,2,15,71,1,1.94,6,3.37,2,4.04,0,0
2024-05-16,Maternity,25,22,13,13,49,189,2,11,89,0,1.89,2,3.2,1,4.3,1,1
2024-05-17,Emergency,40,31,14,10,89,200,4,18,44,0,1.56,6,5.94,2,4.4,0,0
2024-05-17,ICU,20,14,11,11,105,208,1,10,56,0,0.69,2,3.85,2,4.23,0,0
2024-05-17,Pediatrics,30,22,16,15,132,236,3,17,45,0,1.75,2,3.84,3,4.33,0,1
2024-05-17,Cardiology,35,28,12,11,90,367,2,21,47,0,1.61,4,5.23,1,5.0,0,4
2024-05-17,Orthopedics,40,33,11,7,69,191,1,23,46,0,1.59,3,1.12,1,4.46,0,1
2024-05-17,Maternity,25,20,8,8,93,192,2,16,35,0,2.41,3,4.78,0,3.93,0,1
2024-05-18,Emergency,40,36,10,9,116,242,0,20,45,0,1.11,6,3.31,1,4.3,0,4
2024-05-18,ICU,20,14,10,10,93,177,3,24,60,0,1.85,5,3.93,1,4.62,0,0
2024-05-18,Pediatrics,30,24,15,12,78,262,2,12,44,0,3.78,3,4.19,0,3.28,0,1
2024-05-18,Cardiology,35,26,14,13,83,266,4,24,48,0,2.31,6,6.07,1,3.88,0,0
2024-05-18,Orthopedics,40,36,13,11,51,257,6,22,62,0,2.09,3,4.48,2,3.9,0,3
2024-05-18,Maternity,25,24,11,7,69,260,2,8,60,0,2.35,6,3.36,1,3.76,0,0
2024-05-19,Emergency,40,35,14,14,102,206,0,17,63,0,1.41,3,2.33,0,4.06,0,0
2024-05-19,ICU,20,16,12,10,129,231,3,10,73,0,2.17,6,3.52,1,4.5,0,0
2024-05-19,Pediatrics,30,26,12,11,100,225,0,22,44,1,1.5,4,5.74,0,3.6,0,1
2024-05-19,Cardiology,35,22,14,10,64,249,4,23,52,0,2.58,3,5.53,0,4.92,0,0
2024-05-19,Orthopedics,40,33,18,15,102,278,0,11,54,0,2.63,5,4.45,2,3.37,0,1
2024-05-19,Maternity,25,17,12,9,91,196,1,16,83,0,2.51,2,5.75,1,4.39,0,1
2024-05-20,Emergency,40,40,7,5,54,267,1,22,54,0,1.2,6,4.05,0,4.23,0,1
2024-05-20,ICU,20,18,8,7,121,200,0,18,57,0,2.21,2,6.75,0,4.32,0,1
2024-05-20,Pediatrics,30,18,8,5,127,248,1,8,47,0,1.48,5,4.51,0,3.97,1,1
2024-05-20,Cardiology,35,25,13,13,65,222,2,11,65,1,2.4,5,5.66,2,4.16,0,1
2024-05-20,Orthopedics,40,38,17,13,123,74,2,15,84,0,1.78,6,7.34,2,4.24,0,0
2024-05-20,Maternity,25,17,13,10,147,221,2,21,43,0,1.22,2,2.61,0,4.14,0,2
2024-05-21,Emergency,40,24,10,8,107,96,1,14,3,0,2.28,5,3.78,1,3.17,1,1
2024-05-21,ICU,20,16,15,15,89,236,4,11,66,0,1.5,5,5.51,1,5.0,0,1
2024-05-21,Pediatrics,30,20,12,9,143,316,1,12,36,0,0.78,2,2.74,0,4.02,0,0
2024-05-21,Cardiology,35,31,14,11,63,249,2,19,69,0,2.22,6,2.45,1,3.73,0,1
2024-05-21,Orthopedics,40,32,17,16,39,153,2,13,63,0,1.71,4,4.78,1,4.36,0,0
2024-05-21,Maternity,25,18,6,3,83,289,2,9,62,1,1.32,3,2.46,1,4.21,0,2
2024-05-22,Emergency,40,26,13,10,87,272,5,24,92,1,2.6,5,3.14,0,4.21,1,1
2024-05-22,ICU,20,16,20,20,127,198,1,19,56,0,1.57,3,3.53,3,3.58,0,0
2024-05-22,Pediatrics,30,28,14,12,93,222,2,24,57,0,2.6,6,3.75,0,4.24,1,0
2024-05-22,Cardiology,35,21,17,15,114,237,1,12,58,0,1.82,6,2.93,1,3.84,0,0
2024-05-22,Orthopedics,40,37,13,13,72,230,2,24,57,0,2.42,3,2.35,0,4.37,0,2
2024-05-22,Maternity,25,21,12,12,69,261,1,17,67,0,2.15,6,3.37,2,3.54,0,1
2024-05-23,Emergency,40,24,18,18,67,295,1,19,71,0,2.43,4,6.17,1,4.15,0,2
2024-05-23,ICU,20,18,13,11,74,244,1,23,54,0,2.71,2,3.31,2,3.14,0,0
2024-05-23,Pediatrics,30,26,13,13,140,291,5,24,57,0,2.92,2,2.98,1,4.13,1,1
2024-05-23,Cardiology,35,32,9,7,71,281,2,14,34,0,2.2,5,2.34,2,4.33,0,0
2024-05-23,Orthopedics,40,31,15,13,142,219,0,23,47,0,1.57,3,2.71,1,3.5,0,0
2024-05-23,Maternity,25,18,8,4,62,366,4,8,67,1,1.97,2,3.88,1,4.26,0,3
2024-05-24,Emergency,40,39,9,9,88,387,3,12,53,0,2.37,3,2.32,2,4.19,0,1
2024-05-24,ICU,20,12,8,5,36,122,1,21,27,0,1.39,4,3.18,1,4.01,0,1
2024-05-24,Pediatrics,30,19,9,9,50,182,2,21,66,0,1.27,6,4.81,1,4.86,0,1
2024-05-24,Cardiology,35,32,8,7,56,222,2,15,54,0,1.29,3,3.42,2,4.15,0,2
2024-05-24,Orthopedics,40,32,12,8,96,269,1,20,32,0,1.24,2,3.6,1,3.84,0,0
2024-05-24,Maternity,25,19,16,12,44,195,2,12,70,0,1.64,5,5.33,3,4.58,0,1
2024-05-25,Emergency,40,38,16,13,102,106,1,22,49,0,2.06,6,4.57,2,3.8,0,1
2024-05-25,ICU,20,13,13,12,118,281,0,21,78,0,2.46,6,3.03,0,4.21,0,3
2024-05-25,Pediatrics,30,27,16,16,59,229,4,18,60,0,2.31,6,1.4,4,4.45,0,1
2024-05-25,Cardiology,35,23,12,8,100,261,3,17,41,0,1.87,2,4.73,1,3.94,0,1
2024-05-25,Orthopedics,40,29,13,10,50,278,3,8,55,0,2.07,6,1.76,2,3.4,0,0
2024-05-25,Maternity,25,15,10,10,131,197,3,13,49,0,2.2,2,1.36,1,4.2,0,1
2024-05-26,Emergency,40,31,12,11,52,289,0,18,29,0,1.76,2,4.35,0,4.36,0,0
2024-05-26,ICU,20,14,14,14,113,308,2,18,46,1,2.03,6,3.16,1,4.03,0,2
2024-05-26,Pediatrics,30,20,13,13,83,285,1,8,55,0,1.89,5,3.51,0,4.35,0,0
2024-05-26,Cardiology,35,33,14,14,43,253,1,21,66,0,1.57,3,6.19,0,4.25,0,2
2024-05-26,Orthopedics,40,27,8,6,95,271,0,16,69,1,2.27,4,1.02,1,4.1,0,0
2024-05-26,Maternity,25,22,14,13,111,217,2,8,51,0,2.08,2,2.74,1,4.59,0,3
2024-05-27,Emergency,40,31,8,5,76,196,2,13,36,0,2.53,6,3.91,1,4.68,0,1
2024-05-27,ICU,20,18,9,8,70,289,1,13,36,0,2.39,6,3.81,1,4.33,0,0
2024-05-27,Pediatrics,30,30,15,15,123,279,1,17,39,0,1.7,4,3.5,2,4.53,0,1
2024-05-27,Cardiology,35,29,14,14,84,246,2,8,73,0,2.36,3,5.45,3,3.22,0,3
2024-05-27,Orthopedics,40,38,13,13,118,206,2,19,30,0,1.41,2,6.05,2,4.2,0,1
2024-05-27,Maternity,25,20,15,15,137,259,0,11,32,1,1.82,4,2.37,0,3.42,0,4
2024-05-28,Emergency,40,25,8,8,53,311,2,22,35,0,2.11,2,5.09,1,4.8,1,0
2024-05-28,ICU,20,16,7,3,50,263,2,17,64,0,2.91,2,2.18,1,4.55,0,0
2024-05-28,Pediatrics,30,20,14,11,78,250,3,10,54,0,3.1,4,6.21,0,3.96,0,0
2024-05-28,Cardiology,35,21,15,11,110,171,2,8,80,0,0.58,4,3.42,0,3.79,0,0
2024-05-28,Orthopedics,40,26,15,12,106,279,1,13,47,1,1.49,4,3.97,0,4.89,0,1
2024-05-28,Maternity,25,25,11,11,99,219,1,14,53,0,2.46,3,6.38,4,4.13,0,3
2024-05-29,Emergency,40,39,12,12,119,294,6,15,79,0,2.85,5,4.97,1,3.96,0,1
2024-05-29,ICU,20,19,7,4,91,150,0,18,24,0,2.27,3,3.01,0,4.1,0,1
2024-05-29,Pediatrics,30,28,16,12,91,213,1,20,28,0,1.55,6,3.29,2,3.93,1,1
2024-05-29,Cardiology,35,27,15,11,85,261,2,18,51,0,2.01,3,4.61,2,4.24,0,0
2024-05-29,Orthopedics,40,29,16,12,136,221,3,17,18,0,1.63,3,5.16,3,3.66,0,3
2024-05-29,Maternity,25,20,12,9,82,329,3,16,56,0,2.42,6,2.97,1,4.23,0,0
2024-05-30,Emergency,40,34,13,9,153,166,0,18,67,0,2.83,2,4.34,0,4.21,0,1
2024-05-30,ICU,20,20,12,8,102,214,0,16,63,0,1.47,4,1.59,0,4.18,0,1
2024-05-30,Pediatrics,30,23,10,6,122,206,1,17,36,0,2.35,4,2.12,0,4.13,0,0
2024-05-30,Cardiology,35,24,12,8,150,168,2,19,48,0,1.3,2,5.63,4,4.58,0,1
2024-05-30,Orthopedics,40,36,14,13,60,288,4,20,43,0,2.39,3,2.73,1,4.32,0,1
2024-05-30,Maternity,25,23,14,10,110,266,1,11,64,0,2.13,2,6.48,2,3.99,0,0
2024-05-31,Emergency,40,27,8,4,153,237,2,19,71,0,2.08,3,1.36,1,4.5,0,1
2024-05-31,ICU,20,19,14,11,46,205,1,8,38,0,1.36,6,7.17,1,4.4,0,1
2024-05-31,Pediatrics,30,30,10,10,95,235,2,23,61,0,2.58,3,3.14,1,4.3,0,1
2024-05-31,Cardiology,35,24,16,13,82,311,1,17,56,0,1.91,4,3.05,1,4.29,0,0
2024-05-31,Orthopedics,40,39,8,4,77,257,1,22,46,0,1.58,5,5.46,1,4.12,0,2
2024-05-31,Maternity,25,17,11,9,109,198,0,13,45,0,2.19,4,2.04,1,3.93,0,3
2024-06-01,Emergency,40,26,12,8,53,152,1,15,67,0,2.24,6,6.58,1,3.0,0,1
2024-06-01,ICU,20,19,11,9,112,224,2,23,87,0,1.67,2,5.73,0,3.62,0,1
2024-06-01,Pediatrics,30,25,11,11,111,263,2,21,76,0,2.26,6,3.35,0,3.46,0,1
2024-06-01,Cardiology,35,22,12,11,117,235,1,11,56,0,1.55,3,4.5,2,4.07,0,0
2024-06-01,Orthopedics,40,38,17,13,64,321,1,13,86,0,2.26,4,1.33,0,4.35,0,1
2024-06-01,Maternity,25,17,8,4,72,216,1,9,35,0,2.1,5,3.44,1,4.27,0,2
2024-06-02,Emergency,40,39,12,9,10,317,1,24,52,0,2.29,6,5.37,2,4.47,0,1
2024-06-02,ICU,20,20,16,14,69,179,6,22,37,0,2.54,5,1.72,0,4.91,0,0
2024-06-02,Pediatrics,30,18,15,13,140,221,1,15,23,0,2.2,4,3.44,2,5.0,0,2
2024-06-02,Cardiology,35,30,16,15,71,263,1,11,63,0,1.88,4,3.18,0,4.17,0,1
2024-06-02,Orthopedics,40,24,16,13,76,123,3,15,67,0,1.84,4,5.34,0,4.19,1,0
2024-06-02,Maternity,25,21,14,13,79,271,0,20,52,0,1.91,3,2.02,2,4.14,0,0
2024-06-03,Emergency,40,24,15,13,68,241,2,17,79,1,3.12,2,4.48,0,3.79,0,2
2024-06-03,ICU,20,14,14,11,86,275,3,24,59,0,2.76,3,5.55,0,3.56,0,1
2024-06-03,Pediatrics,30,19,13,13,145,230,1,15,41,0,2.05,3,8.55,0,3.92,0,0
2024-06-03,Cardiology,35,21,16,14,94,183,3,9,56,1,2.86,4,2.55,1,4.15,0,1
2024-06-03,Orthopedics,40,38,15,13,77,178,1,13,27,0,2.55,3,3.69,0,4.16,0,0
2024-06-03,Maternity,25,20,9,7,79,263,3,12,32,0,2.19,4,2.75,2,4.17,0,1
2024-06-04,Emergency,40,32,16,12,41,235,3,15,52,0,2.34,5,1.7,1,3.51,0,1
2024-06-04,ICU,20,12,13,10,111,251,2,17,47,0,2.51,2,8.27,1,4.01,0,1
2024-06-04,Pediatrics,30,24,10,6,91,238,2,14,51,0,2.52,6,3.84,2,4.74,0,2
2024-06-04,Cardiology,35,23,17,17,66,255,1,16,73,0,1.47,6,5.01,0,4.44,0,0
2024-06-04,Orthopedics,40,39,9,9,116,223,1,19,65,0,1.97,6,3.4,0,4.51,0,1
2024-06-04,Maternity,25,17,19,16,106,256,1,24,74,0,2.35,2,4.43,0,4.18,0,2
2024-06-05,Emergency,40,38,16,15,107,348,1,18,63,0,1.87,6,1.79,1,4.39,0,3
2024-06-05,ICU,20,16,13,10,101,229,0,10,60,0,2.41,5,3.76,1,4.57,1,3
2024-06-05,Pediatrics,30,29,9,8,42,243,2,17,66,0,1.9,3,2.68,0,3.51,0,1
2024-06-05,Cardiology,35,32,18,18,98,372,0,20,49,0,2.78,6,6.94,5,4.6,0,1
2024-06-05,Orthopedics,40,26,7,4,72,171,2,15,50,0,2.78,6,6.16,1,4.53,0,2
2024-06-05,Maternity,25,21,15,13,26,113,3,24,52,1,2.51,5,6.0,1,3.75,1,1
2024-06-06,Emergency,40,30,14,13,91,262,1,20,71,0,2.1,2,4.39,1,4.19,0,0
2024-06-06,ICU,20,13,15,13,159,174,2,16,45,0,1.34,2,5.2,1,4.15,0,3
2024-06-06,Pediatrics,30,22,11,10,92,145,3,23,71,0,1.97,5,5.9,0,4.29,0,2
2024-06-06,Cardiology,35,33,12,9,96,156,5,17,62,0,2.15,5,3.91,0,4.54,0,2
2024-06-06,Orthopedics,40,28,8,8,89,253,2,21,44,0,1.49,6,3.15,2,3.9,0,1
2024-06-06,Maternity,25,23,10,8,80,281,2,21,23,0,2.43,2,3.38,2,4.73,0,0
2024-06-07,Emergency,40,30,14,12,82,275,2,24,72,0,2.15,4,4.34,1,4.02,0,1
2024-06-07,ICU,20,18,10,9,73,224,1,21,63,0,2.91,5,3.11,1,3.38,0,0
2024-06-07,Pediatrics,30,19,16,14,53,229,2,10,47,0,1.57,6,4.74,0,4.01,0,2
2024-06-07,Cardiology,35,29,7,4,126,185,2,12,45,0,1.91,5,2.73,1,4.7,0,1
2024-06-07,Orthopedics,40,40,12,8,105,324,2,18,72,1,2.38,5,5.2,1,4.04,0,0
2024-06-07,Maternity,25,21,11,9,57,136,3,10,47,0,2.47,4,4.54,1,3.68,0,0
2024-06-08,Emergency,40,38,9,7,115,320,1,18,43,0,1.79,4,6.77,0,4.03,0,0
2024-06-08,ICU,20,19,10,9,57,370,0,10,50,0,2.4,2,3.77,1,4.91,0,0
2024-06-08,Pediatrics,30,28,10,7,98,265,4,20,61,0,2.1,6,3.08,3,3.78,0,1
2024-06-08,Cardiology,35,34,8,4,95,162,2,8,100,0,1.59,6,5.34,1,4.1,0,0
2024-06-08,Orthopedics,40,34,10,6,88,235,2,19,42,0,1.42,2,4.4,1,4.52,0,0
2024-06-08,Maternity,25,19,16,15,65,116,2,17,62,0,1.47,2,3.42,0,3.59,0,1
2024-06-09,Emergency,40,39,11,10,35,257,2,22,25,0,1.64,6,3.69,2,3.96,0,0
2024-06-09,ICU,20,13,10,7,68,237,1,13,35,0,1.7,3,2.2,3,4.48,0,2
2024-06-09,Pediatrics,30,22,11,9,131,265,0,10,45,0,1.73,2,2.97,1,3.95,0,2
2024-06-09,Cardiology,35,29,10,7,80,223,2,15,45,0,2.11,5,2.93,2,3.94,0,1
2024-06-09,Orthopedics,40,29,12,11,144,195,3,10,55,0,2.32,4,5.49,1,4.3,0,1
2024-06-09,Maternity,25,18,19,18,69,332,3,16,44,0,2.1,2,4.57,0,3.78,0,4
2024-06-10,Emergency,40,29,16,12,84,155,1,20,66,0,2.38,3,5.17,1,4.28,0,0
2024-06-10,ICU,20,18,12,10,129,283,1,22,44,0,1.67,4,3.27,0,4.41,0,1
2024-06-10,Pediatrics,30,25,14,10,85,258,2,22,46,0,2.17,3,3.28,2,4.3,0,1
2024-06-10,Cardiology,35,31,12,11,80,284,2,19,45,0,1.75,2,5.26,0,3.48,0,0
2024-06-10,Orthopedics,40,28,20,18,93,228,1,19,19,0,2.2,4,4.22,2,4.47,0,1
2024-06-10,Maternity,25,23,9,7,92,226,3,15,69,0,1.54,6,6.82,1,3.89,0,2
2024-06-11,Emergency,40,39,14,12,84,242,1,14,83,0,2.66,3,4.52,0,3.69,0,0
2024-06-11,ICU,20,18,13,13,55,299,0,16,48,0,1.74,6,3.07,3,3.86,0,1
2024-06-11,Pediatrics,30,20,11,9,157,374,3,15,31,0,1.68,3,3.02,3,4.3,0,1
2024-06-11,Cardiology,35,27,18,14,98,238,2,14,71,0,1.85,5,2.23,1,4.17,0,1
2024-06-11,Orthopedics,40,31,9,8,37,185,2,21,24,0,2.51,6,4.58,1,4.88,0,4
2024-06-11,Maternity,25,24,10,10,109,215,1,20,74,0,1.33,6,6.46,1,4.29,0,0
2024-06-12,Emergency,40,32,7,6,113,138,4,11,72,0,2.79,6,4.89,1,4.79,0,2
2024-06-12,ICU,20,19,10,10,106,150,2,20,71,0,1.61,2,3.43,0,4.25,0,0
2024-06-12,Pediatrics,30,26,11,11,95,260,2,20,51,0,2.28,2,3.62,0,4.78,0,0
2024-06-12,Cardiology,35,24,15,11,84,174,1,15,49,0,1.53,2,3.9,0,4.34,0,0
2024-06-12,Orthopedics,40,26,10,8,76,249,1,22,67,0,2.35,2,4.46,1,4.1,0,1
2024-06-12,Maternity,25,21,12,10,87,185,2,11,46,0,2.38,5,3.63,2,3.9,0,0
2024-06-13,Emergency,40,26,16,16,136,205,2,11,34,0,2.81,3,4.52,0,4.26,0,2
2024-06-13,ICU,20,16,15,12,68,325,3,17,63,0,3.05,3,2.86,1,3.86,0,1
2024-06-13,Pediatrics,30,27,13,12,92,276,1,24,47,0,2.56,6,4.45,1,4.11,0,1
2024-06-13,Cardiology,35,22,14,11,132,164,1,15,32,0,1.97,3,2.76,1,4.57,0,2
2024-06-13,Orthopedics,40,25,11,8,101,166,3,21,69,0,2.6,5,1.05,0,4.55,0,2
2024-06-13,Maternity,25,15,11,7,141,192,1,22,54,0,1.06,6,3.21,0,5.0,0,3
2024-06-14,Emergency,40,28,10,8,101,187,3,19,55,0,1.7,5,3.62,1,4.36,0,0
2024-06-14,ICU,20,15,12,9,90,344,3,23,46,0,2.1,6,5.57,2,4.22,0,1
2024-06-14,Pediatrics,30,23,20,18,42,229,1,20,53,0,1.89,3,3.21,2,4.63,0,0
2024-06-14,Cardiology,35,30,11,9,81,205,2,20,25,0,2.51,6,4.99,1,3.58,0,1
2024-06-14,Orthopedics,40,34,9,5,85,252,3,15,41,0,1.92,5,3.58,2,4.58,0,2
2024-06-14,Maternity,25,20,17,17,86,313,4,16,66,0,2.43,4,3.95,3,4.25,0,1
2024-06-15,Emergency,40,39,15,11,99,198,1,15,73,0,2.13,3,4.67,1,4.45,0,2
2024-06-15,ICU,20,17,16,16,68,153,0,13,54,0,1.78,6,0.5,2,3.97,0,3
2024-06-15,Pediatrics,30,26,12,11,177,350,5,11,39,0,2.21,5,5.36,0,4.83,0,2
2024-06-15,Cardiology,35,33,11,8,85,222,1,10,61,0,1.06,6,6.45,2,3.94,0,1
2024-06-15,Orthopedics,40,28,11,9,110,306,3,22,74,0,2.85,2,3.35,1,3.53,0,0
2024-06-15,Maternity,25,18,17,16,36,101,1,14,55,1,2.56,3,4.78,1,4.82,0,0
2024-06-16,Emergency,40,39,12,12,98,304,1,13,84,0,2.26,4,1.56,1,3.27,0,1
2024-06-16,ICU,20,19,9,9,63,194,0,8,62,0,1.82,2,2.01,1,4.69,0,2
2024-06-16,Pediatrics,30,30,13,12,97,203,2,9,55,0,1.52,4,3.78,0,4.02,0,2
2024-06-16,Cardiology,35,31,11,9,86,240,3,8,49,0,1.58,5,4.9,1,3.99,0,0
2024-06-16,Orthopedics,40,26,14,12,81,179,2,17,75,0,1.51,2,3.85,1,3.64,0,2
2024-06-16,Maternity,25,25,7,5,88,356,2,13,50,1,2.84,3,4.98,2,4.05,0,0
2024-06-17,Emergency,40,30,14,14,137,260,1,21,63,0,2.4,3,4.72,1,4.21,1,0
2024-06-17,ICU,20,16,10,8,70,182,2,11,77,0,2.37,5,5.5,1,4.15,0,0
2024-06-17,Pediatrics,30,24,9,9,93,197,2,24,55,0,3.06,6,2.95,2,4.8,0,1
2024-06-17,Cardiology,35,34,10,7,100,251,2,9,47,0,1.75,4,4.0,0,4.41,0,0
2024-06-17,Orthopedics,40,25,11,10,151,251,0,24,39,1,3.15,3,3.15,1,4.68,0,1
2024-06-17,Maternity,25,18,16,14,79,255,3,18,33,0,2.14,2,4.92,0,5.0,0,0
2024-06-18,Emergency,40,39,13,10,106,370,2,20,56,0,1.02,6,3.39,1,4.39,0,2
2024-06-18,ICU,20,17,17,13,96,253,0,10,33,0,1.36,3,2.32,2,3.96,0,2
2024-06-18,Pediatrics,30,22,13,9,89,344,3,16,71,1,2.27,5,4.71,0,4.26,0,1
2024-06-18,Cardiology,35,30,13,9,84,285,1,11,55,0,1.02,3,6.87,0,3.49,0,2
2024-06-18,Orthopedics,40,27,15,12,92,213,2,16,52,0,2.23,3,5.39,0,4.72,0,3
2024-06-18,Maternity,25,22,13,10,112,244,3,20,53,0,1.59,2,2.64,0,4.86,0,2
2024-06-19,Emergency,40,28,14,13,142,225,3,19,55,0,2.0,4,4.02,0,3.77,0,0
2024-06-19,ICU,20,18,10,7,89,237,3,16,67,0,2.47,6,3.57,1,4.21,0,2
2024-06-19,Pediatrics,30,27,6,3,52,300,4,16,53,1,0.99,4,5.98,0,4.51,0,1
2024-06-19,Cardiology,35,24,16,12,135,224,3,11,89,0,2.01,5,5.01,0,4.64,1,2
2024-06-19,Orthopedics,40,27,12,11,125,173,1,10,62,0,1.92,5,5.02,0,5.0,0,2
2024-06-19,Maternity,25,23,10,10,69,184,3,23,53,0,2.16,4,3.44,1,4.38,1,1
2024-06-20,Emergency,40,32,11,10,112,197,2,11,57,0,2.19,3,5.84,1,3.7,0,1
2024-06-20,ICU,20,14,9,5,46,293,1,13,61,1,1.63,4,5.22,0,4.47,0,2
2024-06-20,Pediatrics,30,24,12,8,92,189,2,11,11,0,1.64,4,6.79,0,3.9,0,1
2024-06-20,Cardiology,35,28,10,8,128,167,4,19,69,0,2.26,4,4.73,2,3.78,0,1
2024-06-20,Orthopedics,40,28,12,10,112,278,3,13,59,0,1.84,5,3.08,3,4.25,0,2
2024-06-20,Maternity,25,19,12,8,30,333,2,10,67,0,2.22,3,4.73,0,4.79,0,1
2024-06-21,Emergency,40,37,18,18,105,203,2,17,83,0,1.55,3,3.37,1,4.67,0,2
2024-06-21,ICU,20,15,18,18,126,148,2,17,56,0,1.81,6,5.32,0,4.12,0,0
2024-06-21,Pediatrics,30,23,19,18,107,292,0,11,66,0,2.55,4,3.36,0,4.02,0,4
2024-06-21,Cardiology,35,22,12,9,66,378,2,8,68,0,1.21,3,2.89,2,3.48,0,1
2024-06-21,Orthopedics,40,36,8,5,97,186,1,16,19,0,1.29,2,2.87,1,4.15,0,0
2024-06-21,Maternity,25,17,9,6,105,234,1,24,45,0,2.7,3,2.58,0,4.46,1,1
2024-06-22,Emergency,40,29,13,13,124,309,1,18,36,0,2.28,4,4.74,1,3.76,0,1
2024-06-22,ICU,20,15,15,13,77,210,1,24,59,0,2.78,3,4.26,1,4.11,0,2
2024-06-22,Pediatrics,30,29,17,17,131,193,2,24,71,0,1.76,3,4.21,1,4.45,1,0
2024-06-22,Cardiology,35,32,15,11,88,229,2,14,81,0,1.33,4,3.33,0,4.27,0,1
2024-06-22,Orthopedics,40,35,14,14,116,284,4,18,53,0,2.24,6,2.91,2,4.45,0,0
2024-06-22,Maternity,25,16,16,16,110,297,1,19,23,0,1.24,5,1.1,1,4.09,0,0
2024-06-23,Emergency,40,31,11,7,117,240,4,13,73,0,1.61,4,8.67,0,4.49,0,0
2024-06-23,ICU,20,19,8,4,62,367,2,20,41,0,2.27,4,6.15,2,4.14,0,1
2024-06-23,Pediatrics,30,25,10,8,40,218,1,14,45,0,2.66,6,4.81,1,4.2,0,0
2024-06-23,Cardiology,35,23,21,17,94,324,2,17,39,0,2.17,6,3.12,2,4.96,0,1
2024-06-23,Orthopedics,40,36,15,12,73,242,1,12,54,0,2.72,2,3.63,1,4.82,1,0
2024-06-23,Maternity,25,17,14,10,120,298,1,24,57,1,2.47,3,3.89,1,4.24,1,1
2024-06-24,Emergency,40,30,17,16,42,169,1,9,67,0,2.28,2,3.51,1,4.68,0,1
2024-06-24,ICU,20,18,8,7,107,226,4,12,36,0,2.64,6,2.49,1,4.68,0,0
2024-06-24,Pediatrics,30,23,12,9,98,174,4,10,49,0,2.4,3,4.0,2,4.14,0,0
2024-06-24,Cardiology,35,23,15,14,111,192,1,24,46,0,1.72,3,3.25,1,3.7,0,4
2024-06-24,Orthopedics,40,36,17,13,126,219,3,14,20,1,2.39,4,3.76,2,3.94,0,0
2024-06-24,Maternity,25,18,17,14,102,239,3,18,59,0,2.26,5,7.02,0,3.99,0,0
2024-06-25,Emergency,40,38,11,8,140,252,0,8,56,0,2.48,5,3.35,1,3.86,0,0
2024-06-25,ICU,20,16,11,9,75,312,3,11,55,0,1.89,4,3.75,0,4.3,0,0
2024-06-25,Pediatrics,30,20,17,17,61,220,2,20,30,0,1.94,4,5.31,3,4.36,0,1
2024-06-25,Cardiology,35,23,18,18,146,157,2,17,35,0,1.44,5,6.36,0,3.66,0,1
2024-06-25,Orthopedics,40,36,11,10,113,230,0,9,57,0,2.4,2,5.1,2,4.21,0,1
2024-06-25,Maternity,25,21,14,12,59,130,3,11,46,0,3.32,6,4.96,1,4.17,0,1
2024-06-26,Emergency,40,31,14,13,87,217,3,22,38,0,2.36,3,4.02,1,4.54,0,0
2024-06-26,ICU,20,13,10,9,97,292,3,21,53,0,1.56,5,1.94,0,4.48,0,2
2024-06-26,Pediatrics,30,18,12,9,41,258,2,8,82,0,1.13,6,4.91,1,4.57,0,1
2024-06-26,Cardiology,35,27,14,12,100,265,4,11,64,0,1.07,2,4.58,1,4.18,0,0
2024-06-26,Orthopedics,40,39,19,19,93,309,2,23,63,0,2.26,4,2.14,1,4.28,0,0
2024-06-26,Maternity,25,25,19,18,98,185,2,14,84,0,2.6,2,5.26,2,4.42,0,1
2024-06-27,Emergency,40,30,12,8,50,321,2,20,62,1,1.24,5,4.07,1,4.23,0,0
2024-06-27,ICU,20,20,10,8,124,341,3,21,32,0,1.79,3,4.34,0,4.25,0,0
2024-06-27,Pediatrics,30,23,12,10,76,211,3,19,44,0,2.36,4,6.07,1,3.79,0,0
2024-06-27,Cardiology,35,25,18,16,69,225,1,14,43,0,2.83,3,4.41,2,3.67,0,2
2024-06-27,Orthopedics,40,38,15,13,95,248,3,9,43,0,1.77,4,3.79,0,4.3,0,1
2024-06-27,Maternity,25,24,11,9,106,184,3,17,41,0,1.4,3,2.87,2,4.42,0,2
2024-06-28,Emergency,40,31,15,13,99,281,2,14,59,0,2.64,3,4.15,0,4.62,0,1
2024-06-28,ICU,20,15,19,17,59,204,2,15,53,0,1.97,3,7.39,1,4.02,0,1
2024-06-28,Pediatrics,30,27,11,8,128,245,3,15,50,0,1.65,6,3.93,0,4.67,0,1
2024-06-28,Cardiology,35,30,12,9,113,292,2,16,32,0,1.74,2,4.36,1,3.96,0,1
2024-06-28,Orthopedics,40,37,18,17,66,260,2,19,51,0,2.3,6,6.28,1,4.44,0,0
2024-06-28,Maternity,25,24,11,9,103,270,1,16,30,0,1.64,2,3.57,0,4.03,0,0
2024-06-29,Emergency,40,33,12,9,123,263,2,16,75,0,3.0,4,2.92,1,4.35,0,2
2024-06-29,ICU,20,19,13,9,44,149,2,22,41,0,2.18,5,3.29,1,4.01,0,2
2024-06-29,Pediatrics,30,22,15,13,68,284,3,16,51,0,2.58,2,4.67,1,3.41,0,2
2024-06-29,Cardiology,35,27,13,11,98,290,3,14,70,0,2.93,5,3.86,0,4.03,0,1
2024-06-29,Orthopedics,40,25,11,7,76,224,2,20,76,0,1.87,2,4.17,0,4.15,0,0
2024-06-29,Maternity,25,15,7,7,126,180,4,18,37,0,2.26,6,7.7,1,4.45,0,0
2024-06-30,Emergency,40,33,14,14,91,350,2,11,35,0,1.6,5,5.5,1,4.1,0,2
2024-06-30,ICU,20,18,11,10,70,258,1,24,39,0,0.86,5,2.96,1,4.12,0,1
2024-06-30,Pediatrics,30,23,15,11,71,334,2,16,73,0,1.4,5,5.9,1,4.83,0,1
2024-06-30,Cardiology,35,34,11,11,109,145,0,13,74,0,1.51,4,2.13,0,3.79,1,1
2024-06-30,Orthopedics,40,24,12,12,124,277,3,14,71,0,2.11,6,3.76,2,4.26,0,0
2024-06-30,Maternity,25,23,10,8,101,277,0,12,70,0,2.14,2,3.81,2,4.63,0,1
